,Unnamed: 0,subj_id,condition,shape,color,frame_1_duration_ms,frame_2_duration_ms,frame_3_duration_ms,frame_4_duration_ms,verbal_report,shape_number,comments,debrief_question,matched_stimuli,movement,colour_change,change_type,valid,one_shape,4_frames,discrete_report,discrete_match
0,0,55ac3198fdf99b6de3b68b23,illusion_2frames,triangle,green_yellow,133.44000000000233,33.33999999999651,33.320000000006985,149.9200000000128,I first saw a yellow triangle appear on the left side of the video screen. This triangle disappeared and at the same time a green triangle appeared on the right of the screen.,2,no,how an abstract video is described by the viewer,2frames,False,False,,True,False,False,False,False
1,1,5d68c8aa40524c00189e8ac2,illusion_2frames,square,red_blue,149.80000000001746,33.39999999999418,33.29999999998836,133.30000000001746,"There was a red square on the left flashed up quickly, followed by a green square on the right, which also flashed up quickly.",2,No,Peoples' ability to process shapes in a short amount of time,2frames,False,False,,True,False,False,False,False
2,2,5efb49177e130c0785b93842,baseline_2frames,square,red_blue,133.3000000000029,250.5,266.0,134.1999999999971,"One small red square to the left, then very shortly after, one blue to the right, slightly lower and of the exact same size",2,no,not sure,2frames,False,False,,True,False,False,False,False
3,3,609a83645a6b336762951202,baseline_2frames,square,green_yellow,149.7719999999972,250.09999999997672,249.90000000002328,150.0,"I saw a lime green square pop up and disappear, and I saw a yellow square pop up and disappear in 1sec.",1,"No, everything was okay",To measure how people think or how they can remember what they saw in the video.,2frames,False,False,,True,True,False,False,False
4,4,60cf411960ebf009b1e9a598,baseline_2frames,square,green_yellow,133.39999999999418,250.0,250.0,150.0,ornage box on left appears and then disappears then green box on right appears and disappears with a space between them,2,not sure,if frames can be seen at a certain speed or frequency to a normal human eye depending on if they are close or far from the screen,2frames,False,False,,True,False,False,False,False
5,5,6234e1b277e7fe207a9ad500,illusion_2frames,square,red_blue,133.4659999999858,33.30000000001746,33.39999999999418,150.0,A red square and a blue square. I think they were both moving to left left. Or maybe it was just the red square moving left.,2,no,Vision test.,2frames,True,False,,True,False,False,False,False
6,6,63d6873b65a6170d64a652f6,baseline_2frames,square,red_blue,133.0,250.30000000001743,266.69999999998254,150.10000000000582,a red square followed by a blue square. Each square appeared on the screen for a split second before quickly disappearing. ,2,none.,i have no idea,2frames,False,False,,True,False,False,False,False
7,7,667ee9872c3aa11f8d15f318,baseline_2frames,square,green_yellow,141.89999999999418,258.1000000000058,258.1999999999971,149.90000000000873,"I saw an orange and green box flash briefly, the orange on the left side, and the green on the right side.",2,,Maybe its about our perception to quick things,2frames,False,False,,True,False,False,False,False
8,8,66b61acfc1dbddd8d87c1ee4,baseline_2frames,triangle,red_blue,149.73399999999674,250.40000000000873,249.6999999999971,150.0,"There was a red triangle to the left. After that had disappeared a blue triangle appeared on the right, then it disappeared too",2,Everything was very clear and easy to understand,"Not sure, maybe testing memory about colours!?!?",2frames,False,False,,True,False,False,False,False
9,9,66c8a81f25959e5f183e2bb3,illusion_2frames,triangle,green_yellow,133.39999999999418,33.30000000001746,33.39999999999418,149.79999999998836,I saw two triangles. One was yellow and one was green. They moved before they disappeared. I think they moved in opposite directions ,2,No,No idea,2frames,True,False,,True,False,False,False,False
10,10,67e80b7b69a2afc3b988096b,baseline_2frames,square,green_yellow,147.6180000000022,266.5,266.3999999999942,133.1999999999971,"Yellow and green flashes appeared on the screen simultaneously, in a square shape. At the middle of the screen and the bottom right ",2,,Cognitive ability,2frames,False,False,,True,False,False,False,False
11,11,69a5b4a02ee7ef78e691c8e6,baseline_2frames,triangle,green_yellow,148.42799999999988,266.8000000000029,266.1999999999971,133.5,"yellow triangle on the left, green triangle on the right. There was a gap in the middle of them. Each flashed for less than a second, with the yellow triangle first, followed by the green one
",2,nope,eye tracking?,2frames,False,False,,True,False,False,False,False
12,12,69c2f801151192cff998f687,illusion_2frames,triangle,green_yellow,146.0,34.0,33.0,133.0,a yellow triangle flashed on the screen then disappeared and then a green triangle rapidly appeared and did the same thing,2,no,no clue,2frames,False,False,,True,False,False,False,False
13,13,69d6a07fd14422d3aa5e198b,baseline_2frames,square,green_yellow,147.7320000000036,250.8000000000029,250.79999999998836,150.60000000000582,I first saw an orange dot on the left. It then disappeared and was replaced by a green dot on the right,2,no,peripheral vision and attention to detail,2frames,False,False,,True,False,False,False,False
14,14,69f586544b0395e639960cd5,baseline_2frames,square,green_yellow,149.34799999999814,266.5,266.5,116.60000000000582,"I saw a video featuring two coloured squares. A yellow square followed by a green square. Both squares quickly appeared and disappear on the left side, followed by a green square doing the same thing on the right side.",2,no,memory and perspection ,2frames,False,False,,True,False,False,False,False
15,15,69ffe51c43db0ed721411e1c,illusion_2frames,square,red_blue,148.69000000000233,33.29999999998836,33.40000000002328,133.29999999998836,"I saw two rectangular, one from the left was orange and then it vanished and then another one on the right from the color blue.  ",2 Shapes,I would suggest being clear more in the instructions. ,I would say to identify what you see in a fast paced. ,2frames,False,False,,True,False,False,False,False
16,16,6a01be72c253a9c43d681ce9,illusion_2frames,triangle,green_yellow,144.0,33.0,33.0,134.0,2 triangles at the bottom side of the rectangle. First a green one on the left then a yellow one on the right,2,"No, all seemed to work well",Visual tracking of quick objects when you a a certain distance from your screen,2frames,False,False,,True,False,False,False,False
17,17,6a0daf62ec01cd69c04d1da8,baseline_2frames,triangle,red_blue,149.73000000001048,250.0,250.0,150.0,"Two coloured triangles, I think they were blue and yellow. They flashed at me on the screen. I don't recall seeing anything else.",2,Nothing really comes to mind.,Testing memory and perception.,2frames,False,False,,True,False,False,False,False
18,18,6a15a43c28a364cdedfc6942,illusion_2frames,triangle,green_yellow,142.10000000000582,24.80000000000291,24.89999999999418,150.0,"First a yellow triangle flashed up on then left, then a green triangle flashed up on the right. i think they remained showing.",2,,How peripheral vision impacts interpretation of a video.,2frames,False,False,,True,False,False,False,False
19,19,6a160347cbc7d5c1bb505d0c,baseline_2frames,square,red_blue,133.34799999999814,250.09999999997672,250.0,149.90000000002328,"I saw one red square flash up for just a second. then disappear, followed by one blue square which flashed up (again for about a second) before disappearing.  ",2,"No, the instructions were very clear.  ",Seeing how participants focus on a particular stimuli. ,2frames,False,False,,True,False,False,False,False
20,20,6a18844500e1a5c8656b9dd8,baseline_2frames,square,green_yellow,149.63399999999092,266.30000000001746,266.19999999998254,116.5,I saw a glimps of yellow and blue square moving left and right on the screen and it stayed on the screen for about a seconds,square,,To test peoples focus,2frames,True,False,,True,False,False,False,False
21,21,6a1d422c5cd5b69b949f3d4f,baseline_2frames,triangle,green_yellow,137.79999999998836,266.29999999998836,266.4000000000233,133.19999999998254,I saw two triangles. The first triangle was yellow in color. The second was green. The yellow triangle appeared before the green one.,1,,Not sure,4frames_discrete,False,False,,True,True,True,False,True
22,22,6a1e8e544ddce8244cfc707f,baseline_2frames,square,green_yellow,149.77999999999884,266.70000000001164,266.6000000000058,116.69999999998254,a small yellow square flashed on the left side of the area a green square flashed afterwards on the right side of the area,2,no,Im lost honestly i have no idea what showing two squares and then asking for a description could be about. Is it an attention thing?,2frames,False,False,,True,False,False,False,False
25,25,54dfac92fdf99b4b6b6595d9,illusion_2frames,square,green_yellow,149.64999999999418,33.30000000000291,33.19999999999709,149.90000000000873,a yellow or orange box in left hand corner followed by a green one up right. Then I think there was another I missed.,3,,Perception,4frames_gradual,False,False,,True,False,True,False,False
26,26,5977986837d15f00016f1d08,illusion_2frames,triangle,green_yellow,149.21600000000035,33.39999999999418,33.30000000000291,149.89999999999418,"I saw two triangles flash up. I think one was yellow and one was green. They only appeared briefly, then disappeared again.",2,no,i don't know,2frames,False,False,,True,False,False,False,False
27,27,5b1d867ac9d3cb000110529a,baseline_2frames,square,red_blue,149.80000000004657,266.5,266.5,116.5,"A red sqaure and then a blue sqaure











First I saw a red square flash and then I saw a blue square flash very fast. They were both very fast",2,Very interesting study,No idea,2frames,False,False,,True,False,False,False,False
28,28,5ebd841ddea21b08a0aa3057,baseline_2frames,triangle,red_blue,149.88399999999092,250.10000000000585,249.89999999999415,150.10000000000582,"On the left side, I saw a red triangle flash breifly. As soon as the red triangle disappears, a blue triangle appears to the right and flashes for the same amount as the red triangle.",2,No comments to add.,How good one's memory is based on how many items appear on the screen and for how long.,2frames,False,False,,True,False,False,False,False
29,29,601129f77e0c21000b0c408a,baseline_2frames,triangle,red_blue,138.70000000001164,261.69999999998254,261.80000000001746,153.89999999999418,"The video displayed two triangles, one was blue and the other one was red. The blue one appeared first, followed by the red one ",2,,I think the study was about attention,2frames,False,False,,True,False,False,False,False
30,30,628680b0d4bdb53d2edbeae2,baseline_2frames,square,green_yellow,149.91200000001118,250.09999999997672,266.6000000000058,133.30000000001746,I saw a yellow and a green square appear and disappear one right after another. It was very fast but easy to see.,2,,paying attention,2frames,False,False,,True,False,False,False,False
31,31,63337737be6252ad76e5f983,baseline_2frames,triangle,green_yellow,149.3740000000107,250.0,266.79999999998836,134.10000000000582,Yellow and Green Triangle appeared with the Yellow first followed by the green. One was higher on the screen than the other,2,,Focus on what you see,2frames,False,False,,True,False,False,False,False
32,32,642f61481e01b1f9e29cff4b,illusion_2frames,square,green_yellow,133.33400000000256,33.39999999999418,33.20000000001164,150.09999999997672,I seen two boxes and one was yellow and one was green and they disappeared pretty fast and that is all I seen on my screen,2,no,"I'm not sure, maybe how good someone's vision is",2frames,False,False,,True,False,False,False,False
33,33,64aff5b6e3a4da1b1a0e0f4e,baseline_2frames,square,green_yellow,149.8760000000184,250.0,266.69999999998254,149.80000000001746,a smaller yellow square followed by a bigger green rectangle. they have the same height but different lengths. yellow square on the left and green rectangle on the right.,2,na,my vision?,2frames,False,False,,True,False,False,False,False
34,34,64e6b4025cbe79c020343121,baseline_2frames,square,red_blue,149.6999999999971,254.40000000000873,254.59999999999127,145.40000000000873,"There was a red square on the left that appeared first, then afterwards a blue square appeared on the right side of the screen.",2,none,people's memory,2frames,False,False,,True,False,False,False,False
35,35,65c242831388550b0a42bd25,illusion_2frames,triangle,green_yellow,149.64000000001397,33.39999999999418,33.20000000001164,150.0,yellow triangle on the left that disappeared and was erplavced by a green triangle on the left pretty much straight away,2,no,speed of sight,4frames_discrete,False,False,,True,False,True,False,True
36,36,663f7196a07afa04b277db38,baseline_2frames,triangle,red_blue,149.97400000004563,266.69999999995343,249.80000000004657,133.5,A red triangle appeared first on the left hand side of the screen followed by a blue triangle to the right of the first triangle.,2,no,not sure,2frames,False,False,,True,False,False,False,False
37,37,6702f60844f21087e0840e3d,baseline_2frames,square,green_yellow,133.43400000000838,249.89999999999415,266.6000000000058,149.89999999999418,"A green square appeared on the left of the screen, then it disappeared and was followed by a yellow square on the right, which then also disappeared.",2,No,No idea,2frames,False,False,,True,False,False,False,False
38,38,676de75888d93adec606bbc7,illusion_2frames,square,green_yellow,133.0119999999879,33.70000000001164,33.39999999999418,149.89999999999418,I saw two separate square shapes moving on a dark background. One square was yellow and the other square was green. They appeared to move independently of each other in different directions.,2,No comments,Visualization ,2frames,True,False,,True,False,False,False,False
39,39,6962f0990040e5488a1a55c2,baseline_2frames,triangle,green_yellow,133.30000000001746,250.0,250.10000000000585,166.59999999997672,"There was short animation of a yellow triangle on the left and a green triangle on the right after it, I dont know what else to say",1,Lower the word count,How well people can remember fast moving images,2frames,False,False,,True,True,False,False,False
41,41,69a6f6cbcf9feb1f22e44a55,illusion_2frames,triangle,red_blue,149.6999999999971,34.09999999999127,25.10000000000582,141.60000000000582,I saw a red triangle flash to the left followed by a blue triangle flash to the right. There was a centre space that remained blank the entire time.,2,,,2frames,False,False,,True,False,False,False,False
42,42,69f58465fa29b67f229edcb1,baseline_2frames,square,red_blue,127.0,273.5,249.59999999997672,149.80000000001746,I saw a red square flash on the left and then disappear and a blue square flash on the right and quickly disappear. ,2,I have none at this time.,I think it is to determine the different ways individuals will describe the same thing.,2frames,False,False,,True,False,False,False,False
43,43,69ffc3bf55fd97a76c8122f4,illusion_2frames,triangle,red_blue,141.59999999999127,25.10000000000582,24.89999999999418,150.10000000000582,"It starts with a red triangle on left then it flashes away as a blue triangle appears on the right, it also flashes away from the screen",2,No comments,perhaps understanding peoples ability to see specific items on the screen depending on the distance they are away from the screen,4frames_gradual,False,False,,True,False,True,False,False
44,44,6a00c4f950e36832707d957e,baseline_2frames,triangle,green_yellow,149.75800000000163,250.0,250.0,149.89999999999418,two triangles flashing green and yellow moving around the screen. They appeared one at a time. They only appeared for a few seconds,2,no,vision,2frames,False,False,,True,False,False,False,False
45,45,6a04d6f7d3e6d5170c2f1584,illusion_2frames,square,green_yellow,139.0,33.0,33.0,133.0,A dark yellow square appeared to the left then a normal shade of green square appeared on the right hand side.,2,None.,Not exactly sure. How we view something?,2frames,False,False,,True,False,False,False,False
46,46,6a0ada5d2213071b53b87ad8,illusion_2frames,triangle,red_blue,149.89999999999418,33.30000000001746,33.10000000000582,150.0,"i saw a red triangle and then a blue triangle, possibly a green circle was between them. On a grey background, I am not sure what else to say they were flashing images it wasn't constant.",2,maybe a practice round but perhaps that would defeat the point,ability to retain information and process rapid images,2frames,False,False,,True,False,False,False,False
47,47,6a0afd1ca8651a662c016404,baseline_2frames,triangle,red_blue,142.0,249.0,251.0,149.0,Red triangle flashed up  on the left of the screen and then a blue triangle to the right of the red triangle,2,No,Visual acuity,2frames,False,False,,True,False,False,False,False
48,48,6a21eeb240d1cca79aa0a8cb,baseline_2frames,triangle,red_blue,133.40000000002328,265.69999999998254,251.0,150.0,"A red triangle that popped up on the left before it disappeared, shortly followed by a blue triangle popping up on the right before disappearing ",2,nothing,attention retention,2frames,False,False,,True,False,False,False,False
49,49,6a671d8f7c25b67143d113e2,baseline_2frames,square,red_blue,149.31599999999162,266.6000000000349,250.09999999997672,133.29999999998836,i saw a red square and a green square blanked whem the task start for a sec on a full black background.,2,no i was really a great task,i think i was about to focus check,2frames,False,False,,True,False,False,False,False
50,50,5beddd59e4dbf300011c1d50,illusion_2frames,square,red_blue,149.8640000000014,33.30000000001746,33.29999999998836,133.39999999999418,I saw a red square flash for a moment on the left and then I saw a blue square flash for a moment on the right.,2,No.,Perception.,2frames,False,False,,True,False,False,False,False
51,51,5c63d689263b1b0001c66968,illusion_2frames,triangle,green_yellow,133.5,33.30000000000291,33.30000000000291,150.1999999999971,"A small yellow triangle on the left-hand side, which disappeared and was replaced with the same-sized green triangle on the right-hand side.",2,no,people's perception of quick movements,2frames,False,False,,True,False,False,False,False
52,52,5d60c4bfc253680017cf4c17,baseline_2frames,triangle,red_blue,149.20000000001164,250.39999999999415,250.20000000001164,166.89999999999418,there were not much to see. Only there were 2 triangles 1 flashed after another before my eyes then they stopped.,2,Explanation will be appreciated.,Memory retention?,2frames,False,False,,True,False,False,False,False
53,53,5fe848f115b59b69cf9b06b6,baseline_2frames,square,green_yellow,148.8299999999581,250.30000000004657,266.3999999999651,149.90000000002328,I FIRST SAW A YELLOW SQUARE BOUNCE IN AND OUT AND THEN I SAW A GREEN SQUARE BOUNCE IN AND OUT THE SCREEN,2,The second grey square for the video was confusingly smaller than expected,Colour blindness,2frames,False,False,,True,False,False,False,False
54,54,6021b4592cecf2216baabfed,illusion_2frames,square,red_blue,144.97399999998743,33.5,33.29999999998836,149.80000000001746,i saw a red and a blue squares with the red squares appearing first on the left and then the blue square on the right. This occured quite fast. ,2,none,seeing human  reaction time,2frames,False,False,,True,False,False,False,False
55,55,603cf2a6686c57b11af39499,illusion_2frames,triangle,green_yellow,133.3399999999965,33.34000000001106,33.31999999999243,150.0,A yellow triangle appeared on the left. It then disappeared and a green triangle appeared on the right of the screen. That then disappeared also.,2,,No idea,2frames,False,False,,True,False,False,False,False
56,56,60f20aac9a3cd813c94175b4,baseline_2frames,triangle,red_blue,133.3520000000135,266.29999999998836,249.89999999999415,150.39999999999418,"A red triangle and white or pale blue triangle both appeared at seperate times on the screen, flashed and then disappeared",2,Nothing to add,How people view things when only shown for a few seconds,2frames,False,False,,True,False,False,False,False
57,57,6109eb08329f8084a5d35d03,illusion_2frames,square,green_yellow,149.89999999999418,33.5,33.20000000001164,133.39999999999418,A cube popped up in the lower area and then up to the right another one flashed on screen that was green,2,no,Vision,2frames,False,False,,True,False,False,False,False
58,58,62b722b5892044fe80d8bdcb,baseline_2frames,triangle,red_blue,146.10000000000582,250.69999999998257,256.20000000001164,145.89999999999418,there was red triangle on the extreme left of the rectangle and a blue triangle on the extreme right of the rectangle,2,,Concentration????,2frames,False,False,,True,False,False,False,False
59,59,65de4d54269d8268d0f61618,illusion_2frames,triangle,green_yellow,148.5779999999795,33.20000000001164,33.399999999965075,133.30000000004657,I saw yellow and green triangles that flashed on the screen. One appeared near lower right section and the other near upper left area of the rectangle,2,"intriguing study , quite interesting. any reasons why you use lower screen resolution or lower-tech GUI?",visual perception,2frames,False,False,,True,False,False,False,False
60,60,66e7853b4e311a12f93b5411,illusion_2frames,square,red_blue,149.88000000000466,33.19999999999709,33.40000000000873,150.0,I saw a orange and blue square blink on the screen very quickly. It was so fast I almost missed them.,2,no,no idea,2frames,False,False,,True,False,False,False,False
61,61,699ad28882624b23f9713908,baseline_2frames,triangle,red_blue,142.10000000003492,258.20000000001164,258.3999999999651,142.10000000003492,"red triangle on the left side, blue triangle on the right side. Left side blink first then right side blink. it appear for around half a second each blink",2,"nothing to improve, it good already",how fast eyes can react?,2frames,False,False,,True,False,False,False,False
62,62,69becb435c5d162e6570e114,baseline_2frames,square,green_yellow,133.44000000000233,250.0,266.6000000000058,150.0,A yellow box appeared on the left that disappeared quickly then a green box appeared on the right that disappeared quickly.,2,,"How well we focus, especially when we are given information to watch out for ahead of time.",2frames,False,False,,True,False,False,False,False
63,63,69c3c3cbb3e057fd06dd2fe0,baseline_2frames,square,green_yellow,148.61000000000058,266.59999999999127,266.40000000000873,133.39999999999418,"A small green square and an equally small yellow square flashed briefly, and then they just as quickly disappeared from my vision. ",2,None. ,I have no idea. Something about vision. ,2frames,False,False,,True,False,False,False,False
64,64,69d2dbab29ed321c1b402b5e,baseline_2frames,triangle,green_yellow,145.90000000000873,250.09999999999127,256.90000000000873,152.6999999999971,"A yellow triangle then a green triangle appeared briefly in the rectangle area before disappearing. The yellow triangle was on the left, the green triangle was on the right.",2,no,I don't know,2frames,False,False,,True,False,False,False,False
65,65,69ea1ce282df29c7809094c8,illusion_2frames,triangle,green_yellow,149.9780000000028,33.300000000046566,33.399999999965075,133.20000000001164,a red and a yellow triangle that flickered on and then off.  This occurred separately.  The video finished with nothing else being diplsayed,2,A manual calibration of the distance would have been better.  ,Automatic size detection,2frames,False,False,,True,False,False,False,False
66,66,69f349141b7a57cdd52b671c,illusion_2frames,square,green_yellow,149.67600000000675,33.39999999999418,33.39999999999418,132.89999999999418,"i saw 2 colorful boxes flashin on the screen one after another. the first one was yellow and the other reen, and they flashed in a rhythmic pattern. there may or may have not been a third box between the two, but I am unsure if it was just an illusion or not.",2,no,I have no clue honestly,4frames_discrete,False,False,,True,False,True,False,True
67,67,69f48670cedd5791181362cb,baseline_2frames,triangle,green_yellow,134.6119999999937,250.1999999999971,250.1999999999971,150.3000000000029,i saw yellow triangle on the left side of the page then a green triangle on the right side of the page,2,no,to process images quickly,2frames,False,False,,True,False,False,False,False
68,68,6a0206ae4926b3707e0947b5,baseline_2frames,triangle,red_blue,133.60000000000582,250.09999999999127,250.3000000000029,150.39999999999418,I saw two triangles flash. The first one was on the left side it was red. The second one was on the right side and it was blue.,2,Study was unique and I enjoyed it.,I think the experiment was how someone visualizes quick videos.,2frames,False,False,,True,False,False,False,False
69,69,6a0c2b8a6827ece3df5b621a,illusion_2frames,triangle,red_blue,149.98199999998906,33.30000000000291,33.19999999999709,133.40000000000873,A red triangle flashed on the screen which once gone was followed by a blue triangle flashing on and off the screen,2,No,Focus on shapes,2frames,False,False,,True,False,False,False,False
70,70,6a0c86c4fe89dcf8ce1722ec,baseline_2frames,square,green_yellow,149.89999999999418,258.1000000000058,250.0,150.0,"It was 2 squares one was either yellow or orange and the other was green, not sure how you can explain that in more than 20 words",2,none,how much information a person can ingest in a short period of time while still be able to recall that info,2frames,False,False,,True,False,False,False,False
71,71,6a11d304c9be064b63a68aaf,baseline_2frames,square,red_blue,149.9380000000092,250.09999999999127,266.6000000000058,133.3000000000029,"A red square flashed up on the left and then disappeared. A blue square then flashed up on the right, before also disappearing.",2,"None, it was easy to follow",I'm not sure. It seems to be measuring what I could process in a very short video.,2frames,False,False,,True,False,False,False,False
72,72,6a1893b938af07f113ef5685,illusion_2frames,square,red_blue,133.4539999999979,33.29999999998836,33.30000000001746,150.0,a red square then a larger blue square. The red square disappeared then the blue square appeared before it also disappeared. ,1,no,eye sight,2frames,False,False,,True,True,False,False,False
73,73,6a19b14498b3d36bccc467cb,illusion_2frames,square,red_blue,133.3420000000042,33.40000000002328,33.29999999998836,150.0,"i did not see anything,just a ligh blue moving.I dont know if it can be played again so that i can see it again.",4,nothing,Is this an eye test just curious,4frames_gradual,False,False,,True,False,True,False,False
74,74,6a2342fd37682352d49da452,illusion_2frames,square,green_yellow,149.34599999999045,33.60000000000582,33.39999999999418,133.6999999999971,yellow square on left and green square on the right. the yellow square came first then the green square both very brief,2,no,reaction times,2frames,False,False,,True,False,False,False,False
75,75,57b715b842195e000159f82b,baseline_2frames,triangle,red_blue,133.40000000000873,250.09999999999127,250.0,166.5,red triangle on left flashes up and then disappears.  After this a blue triangle on right flashes up and then dissapears.  ,1,no,not sure,2frames,False,False,,True,True,False,False,False
76,76,58a5cf959e040a0001399f07,baseline_2frames,triangle,red_blue,142.04000000000815,264.6999999999971,264.8000000000029,149.0,I saw an orange triangle flash on the screen on the left and a light blue triangle flashed on the screen on the right immediately after.,2,no,I don't know,2frames,False,False,,True,False,False,False,False
77,77,59a722657a657b0001aae223,baseline_2frames,triangle,red_blue,140.0,249.0,251.0,150.0,"red and blue triangles flashing up on the screen - that's what I saw, nothing else. I'm not sure how else to respond to this question.",2,none,focus,2frames,False,False,,True,False,False,False,False
78,78,5a0a057c80acd80001047392,baseline_2frames,triangle,red_blue,133.42799999999988,266.59999999999127,250.0,133.3000000000029,"first a smal blue triangle, then a small red triangle, they both appeared briefly then disappeared, they flashed quickly, they moved across the screen",2,no,noticing details,2frames,True,False,,True,False,False,False,False
79,79,5d4c78071b920f00198e8533,baseline_2frames,triangle,red_blue,132.94000000000233,266.6000000000058,251.0,150.0,there was a blue triangle on left side of the box and then a orange triangle showed up on the right side of the box,2,no,no clue,2frames,False,False,,True,False,False,False,False
80,80,5f1c2ebf1d8b7c48ad3ec3db,baseline_2frames,square,red_blue,133.29999999998836,266.6000000000058,250.20000000001164,149.79999999998836,"the first thing I saw was a orange sqaure on the left side of my screen, followed by that within a second came a blue sqaure on the right side of my screen. there were no more shown",2,easy study kinda of fun,to see what people see when given a little time. ,2frames,False,False,,True,False,False,False,False
81,81,5f78eb1e3074f64de5e59754,illusion_2frames,triangle,red_blue,149.90600000001723,33.29999999998836,33.39999999999418,133.30000000001746,I saw a red triangle on the left of the screen and then this disappeared and then a blue triangle appeared on the right hand side of the screen and then disappeared. ,2,,Perception,2frames,False,False,,True,False,False,False,False
82,82,628f7e982aad1788d940317a,illusion_2frames,square,green_yellow,149.91800000000512,33.39999999999418,33.30000000001746,133.19999999998254,"A yellow square on the left side and a green square on the right side and nothing else, everything else was blank.",2,"No, everything was perfect!","I have no idea but it is very interesting and fun, thank you!",2frames,False,False,,True,False,False,False,False
83,83,62e023ed4b0fdb8c95a9e47f,baseline_2frames,square,red_blue,149.43399999999383,250.60000000000585,266.3999999999942,133.70000000001164,on the left hand side I saw a blue square and on the right a red square..Both disappeared within a second,2,none,can you concentrate for 1 second intervals,4frames_discrete,False,False,,True,False,True,False,True
84,84,63ced2ac873e8ce2bfbd9f0f,baseline_2frames,triangle,red_blue,133.4499999999971,250.0,266.6000000000058,149.8000000000029,"red and blue triangles that flashed quickly and then the screen was black and then this question appeared, so i am answering the question but require lots of words, not sure what else i can say?
",2,"I saw two shapes, red and blue that flashed, triangle shapes",Vision?,2frames,False,False,,True,False,False,False,False
85,85,652be55d3d99a68b56fe7d56,illusion_2frames,square,red_blue,149.95200000001932,33.39999999999418,33.29999999998836,132.30000000001746,A red square on the left and blue square on the right. They both appeared on the screen then quickly flashed away.,2,no,To understand how much details a person can see in a short amount of time.,2frames,False,False,,True,False,False,False,False
86,86,66ef36768bc403140fa01e35,baseline_2frames,square,red_blue,149.8139999999985,250.10000000000585,250.09999999999127,150.0,A red square appeared in the top left corner and then disappeared. Then a blue square appeared in the top right corner and then disappeared.,2,,Unknown,2frames,False,False,,True,False,False,False,False
87,87,67a512649c0c090e741461df,illusion_2frames,triangle,red_blue,133.3000000000029,33.40000000000873,33.29999999998836,150.0,"A red triangle briefly flashed on the right of the screen, then a blue triangle briefly flashed on the right side of the screen.",2,No.,How fast the brain processes quick input.,2frames,False,False,,True,False,False,False,False
88,88,693161add573267ab6d4e2ba,baseline_2frames,triangle,green_yellow,149.7060000000056,266.3999999999942,250.10000000000585,133.5,I saw a yellow triangle on the left side moving to the right and a green triangle on the right side that move to the left,2,the study is cool,I think it's about concentration,2frames,True,False,,True,False,False,False,False
89,89,6997605bad728beebddd763c,illusion_2frames,triangle,green_yellow,141.64000000001397,33.29999999998836,25.29999999998836,158.30000000001746,I saw a yellow triangle on the left followed by a green triangle on the right and I hope that is 20 words. ,2,,Ability to see images in one second. ,2frames,False,False,,True,False,False,False,False
90,90,69cecbf384f6382e38938fd3,illusion_2frames,square,red_blue,146.97400000001653,30.29999999998836,30.300000000017462,145.39999999999418,"I saw a red square appear left first, followed by a blue square that appeared to the right. It was fairly fast.",2,No,The study seems to be about perception of frames.,2frames,False,False,,True,False,False,False,False
91,91,69dc2503349e5a0d2437e325,baseline_2frames,square,green_yellow,133.34400000001187,266.3999999999942,250.10000000000585,149.89999999999418,"Saw a yellow square then a green square, the yellow square disappeared before the green square appeared. The squares were small in size perhaps 1cm.",2,The first calibration to test when the object disappears could have had cleared instructions noting that you will repeat the exercise 5 times.,Ability to focus and recall what was seen,2frames,False,False,,True,False,False,False,False
93,93,69e28c2e9ef926bf4dd91af3,illusion_2frames,square,green_yellow,149.73399999999674,33.5,33.40000000002328,149.89999999999418,I saw two yellow squares that flashed quickly...they were at opposite sides of the box and shown very briefly left then right,2,none,???,2frames,False,False,,True,False,False,False,False
94,94,69f3aee6954f6759dcb176b0,baseline_2frames,triangle,red_blue,148.3399999999965,266.3000000000029,249.6999999999971,149.8000000000029,red and blue triangle that blinked very fast. It was not far from each other also. It blinked quicly and take about 1 seconds each,2,none,to check if one is color blind and to know how focus and retentive one can be,2frames,False,False,,True,False,False,False,False
95,95,6a0191d219e6e6746f5d3540,baseline_2frames,square,green_yellow,133.40000000000146,250.0,249.89999999999415,150.10000000000582,there is a yellow square on the left and a green square on the right. The yellow square flashed once first and then green square flashed once as well.,2,none,How well can people see details in a split second,2frames,False,False,,True,False,False,False,False
96,96,6a04003da9a80d2816d798e0,illusion_2frames,triangle,red_blue,147.6200000000099,28.0,27.0,146.0,"A red triangle flashed on the screen on the far left side of the image area, then after it disappeared a blue triangle flashed on the right side.",2,,Visual perception and processing,2frames,False,False,,True,False,False,False,False
97,97,6a044c907346a7aa2eadc5dc,baseline_2frames,square,red_blue,149.4079999999958,249.89999999999415,266.6000000000058,133.60000000000582,red and blue squares that were about 1 cm cube squared. The red square appeared top left and the blue square top right shortly after the red,2,Maybe a different number of frames with different shapes.,To gain a perception into the interpretation of an image over a short time frame using different coloured objects. How quickly can recognition be gained in a short time. ,2frames,False,False,,True,False,False,False,False
98,98,6a0e0a1c07683355e2c15e1b,baseline_2frames,square,green_yellow,149.8199999999997,266.70000000000437,250.0,133.29999999999563,"A green square, nothing else appeared on the screen maybe I am experiencing a technical issue. Sorry but I don't think this is working.",1,I had no idea what I was looking out for and it flashed up for approximately 1 second.,Flashing images,2frames,False,False,,True,True,False,False,False
99,99,6a151d36d4952d189de576c9,illusion_2frames,square,green_yellow,133.36000000004424,33.35999999998603,33.35999999998603,150.14000000001397,"tan square blue outline, another square pops up to the right after original square is done its animation. another animation happens to the other one.",2,Easier measuring technique.,Optical blind spot,2frames,False,False,,True,False,False,False,False
100,100,56bbad070b36c4000b4d4ef9,illusion_2frames,triangle,green_yellow,149.42200000000594,33.39999999999418,33.10000000000582,133.5,A yellow triangle followed quickly by a green triangle then the video finished. It all happened very quickly and that was all I saw.,2,none,not sure,2frames,False,False,,True,False,False,False,False
101,101,588c98cf670d6600012bd774,baseline_2frames,triangle,red_blue,141.0,250.0,266.0,133.0,red and blue triangles flash on the screen in that order red  on th left and blue on the right then they moved towards the left off the screen,2,no,I presume about sight and distance I don't really have a clue,2frames,True,False,,True,False,False,False,False
102,102,5964e073241f8d0001065056,baseline_2frames,square,red_blue,133.39999999999418,250.29999999998836,250.10000000000585,150.30000000001746,I saw a orange square on the left and a blue square on the right briefly flash and then go away very quickly.,2,no,?,2frames,False,False,,True,False,False,False,False
103,103,5cb67a7ab73e8a001507fae5,baseline_2frames,triangle,red_blue,149.5,266.5,250.39999999999415,116.30000000000292,At first I saw a red triangle on the left side and then I saw a blue triangle on the right side.  They both flashed rather quickly.,2,no all went well,How I am able to see and explain what I have seen?,2frames,False,False,,True,False,False,False,False
104,104,5cd31d68db60cb0017d4ac33,baseline_2frames,square,green_yellow,147.80399999997462,266.4000000000233,266.5,116.59999999997672,"All I saw was a yellow square flash middle right and a green square flash lower left of the box. I saw nothing in the grey rectangle, which was located high on my screen. The rectangle got wider, but that's it.",2,No,Peripheral vision,2frames,False,False,,True,False,False,False,False
105,105,5ffe71d2898ab24e97147724,illusion_2frames,triangle,red_blue,145.59999999997672,30.20000000001164,30.29999999998836,145.5,A red tringle on the left side of the screen and a blue tringle on the right side of the screen. They flashed quickly one at a time ,2,No,"Something to do with reaction time, or how close we sit to screens affecting how we see content ",2frames,False,False,,True,False,False,False,False
106,106,6130f53a32652a779403e9ad,illusion_2frames,square,red_blue,133.5740000000078,33.39999999999418,33.19999999999709,150.10000000000582,a red square appeared on the left followed by a blue square on the right.  they flashed very quickly on and off the screen,2,No,how easily you can interpret a quick video,2frames,False,False,,True,False,False,False,False
107,107,62b3c8016e76899af112f229,illusion_2frames,triangle,red_blue,133.5,33.40000000000873,33.19999999999709,150.09999999999127,a red triangle on the left and a blue one on the right. Both were moving apart from each other although it was very fast so quite hard to see,2,,No idea,2frames,False,False,,True,False,False,False,False
108,108,66869f626754bf89bf23be80,illusion_2frames,square,green_yellow,133.4560000000056,33.30000000001746,33.29999999998836,150.0,"I saw a succession of two coloured squares. The first one on the left was a yellow square, the second one on the right was a green square. Both squares dissapeared very quickly.",1,Not really,To test cognitive senses but I'm not sure in which way or for what purpose.,2frames,False,False,,True,True,False,False,False
109,109,66b60dafb85ab92bec7dbbc1,illusion_2frames,triangle,green_yellow,149.09999999997672,33.5,33.20000000001164,133.39999999999418,At first I saw a yellow triangle and then I saw a green triangle. I didn't see anything else at all. I don't have anything else to say.,2,no,no,2frames,False,False,,True,False,False,False,False
110,110,67456b8ca7f25ce61e1d6ecd,baseline_2frames,triangle,green_yellow,149.97399999998743,266.3999999999942,250.5,133.10000000000582,"I saw yellow triangle on the left side, and then a green triangle on the right side. Both appeared to be the same size.",1,,No presumptions.,2frames,False,False,,True,True,False,False,False
111,111,6763577c8cfe32b40afdd050,baseline_2frames,square,green_yellow,133.5,249.70000000001164,266.29999999998836,150.60000000000582,"First a yellow square appeared to the left of the screen, then it disappeared, then a green square appeared to the right of the screen.",2,no comment,"attention, or eyesight?",2frames,False,False,,True,False,False,False,False
112,112,6978c4ce16debe179b052814,baseline_2frames,square,red_blue,133.39999999999418,250.20000000001164,250.19999999998257,150.10000000000582,"I saw a blue  square proceeded by a red square is what i saw in the experiment across from eachother this was ajacent 


",2,no,no idea preception,2frames,False,False,,True,False,False,False,False
113,113,69ac96e9cf57af07fdd54227,baseline_2frames,triangle,red_blue,149.83599999998114,266.30000000001746,250.5,132.39999999999418,Red triangle on the left and a blue triangle on the right. they were spaced about an inch apart. The red triangle appeared first then disappeared. Then the blue triangle appeared then disappeared.,2,No! I liked the way you measured screen distance. Less onerous than other studies.,Peripheral vision?,2frames,False,False,,True,False,False,False,False
114,114,69f54700a9469286e9f0ee46,baseline_2frames,square,green_yellow,133.35000000003492,249.89999999996508,266.70000000001164,149.40000000002328,"I saw a flashing yellow square on the screen to the left side, followed by a flashing green square towards the right side. ",2,,The study could be about optical perception or attention. ,2frames,False,False,,True,False,False,False,False
115,115,69f935f9163bfe4f8d29cafc,baseline_2frames,square,red_blue,133.40000000000873,250.1999999999971,266.5,150.1999999999971,A red square flashed on the left then a dark screen and then a blue square flashed on the right.  The red square and blue square did not show at the same time. ,2,no comments,attention to detail ,2frames,False,False,,True,False,False,False,False
116,116,6a08eac15b9032cb022cd222,baseline_2frames,triangle,green_yellow,149.63400000000547,266.29999999998836,249.60000000000585,133.1999999999971, A yellow and then maybe i think and then a green triangle comes onto the screen and then disappearing very quickly,2,no,not sure,2frames,False,False,,True,False,False,False,False
117,117,6a09182062280e3d8b8eaa16,illusion_2frames,square,green_yellow,149.91200000001118,33.39999999999418,32.89999999999418,133.70000000001164,yellow and green squares on each left and right side inside the box. there were no box appeared in the middle. ,2,Nothing applicable,identify the speed of visual responses?,2frames,False,False,,True,False,False,False,False
118,118,6a0c4ebfa54e06e8983ae3d7,baseline_2frames,square,red_blue,149.89999999999418,250.10000000000585,249.89999999999415,150.0,"A red square first on the left side of the screen, it appeared and then disappeared. After, a blue square popped up on the right side of the screen, again, it appeared and then disappeared. ",2,Everything is clear and easy to understand! Thank you!,I think the experiment was about memory and trying to measure how memory is impacted by the distance one is away from the screen perhaps. This is my guess because of the tasks involved in the study.,2frames,False,False,,True,False,False,False,False
119,119,6a0da20d58dc03d6d264ea8d,baseline_2frames,triangle,green_yellow,133.44000000000233,250.0,266.6000000000058,150.0,"I saw two triangles, a yellow triangle, and a green triangle. They displayed briefly and then left the screen. The yellow triangle disappeared on the left side, and the green triangle disappeared on the right side. ",2,no,visual perception,2frames,False,False,,True,False,False,False,False
120,120,6a1965956c15c31013ac794c,illusion_2frames,square,red_blue,133.51600000000326,33.39999999999418,33.30000000000291,150.0,"orange and blue squares flashing in either corner of the dark grey rectangle.
They flashed in sequnce so it appears that the images were moving across the screen
",2,I think that an incentive of £1 would be nice,blind spots and hazard perceptions,2frames,True,False,,True,False,False,False,False
121,121,6a206093b7c9d0a730d897a9,illusion_2frames,square,red_blue,149.89999999999418,33.20000000001164,33.29999999998836,133.30000000001746,"I saw a red square and a blue square moving very quickly across the screen. After that, then they both disappeared.",2,no,I don't have a clue.,2frames,True,False,,True,False,False,False,False
122,122,6a20c2beaba792630fa44aea,illusion_2frames,square,green_yellow,149.346000000005,33.5,33.39999999999418,133.1999999999971,"Two squares appeared, first on the left an orange square, then on the right a green square. They both dissapeared soon after they appeared.",2,No comments,Genuinely have no idea!,2frames,False,False,,True,False,False,False,False
123,123,6a23f76612e5b9614f61efb6,illusion_2frames,triangle,red_blue,149.72399999998743,33.30000000001746,33.39999999999418,149.89999999999418,I saw a red and blue triangle. The red triangle seemed to be moving from side to side before the video disapperead entirely,1,No ,Assesing individual perception of things ,2frames,True,False,,True,True,False,False,False
124,124,6a25d55ce4e1f69ad709a6ae,illusion_2frames,square,red_blue,134.90000000000873,33.39999999999418,32.80000000000291,150.1999999999971,"A red square and a blue square flashed very briefly on the screen. I think the blue square appeared near the left upper corner, and the red square was more near the middle of the screen.",2,"Because I was not certain of what the study was measuring, I really cannot identify what improvements need to be made.","Maybe visual reaction time and how quickly the eye can accurately detect objects, size, colour and positioning.",2frames,False,False,,True,False,False,False,False
125,125,56ab6fd869b24700065cbdbd,illusion_2frames,triangle,green_yellow,149.9320000000007,33.29999999998836,33.39999999999418,150.0,yellow triangle to the left of the screen and a green triangle positioned to the right side of the yellow triangle,2,none,depth perception of different shapes,2frames,False,False,,True,False,False,False,False
126,126,5a0c4184fe645f0001e9f5dd,baseline_2frames,square,green_yellow,149.85800000000745,266.59999999999127,266.8000000000029,116.60000000000582,There was a yellow square on the left and a green square on the right. Both were moving a little bit. ,2,,I really do not have a clue - I would be interested to know though.,2frames,True,False,,True,False,False,False,False
127,127,5aa18536dbdb470001ef2cf1,illusion_2frames,triangle,red_blue,149.1719999999914,33.30000000000291,33.19999999999709,132.90000000000873,"I saw 2 triangles that appeared one after the other. First, there was a red triangle that appeared on the left of the grey rectangle. It flashed onto the screen and then dissapeared, at the same time as it dissapeared, a blue triagle flashed onto the right side of the triangle before dissapearing.",2,"Nope, great study!",How much information can someone retain from seeing a very short clip once,2frames,False,False,,True,False,False,False,False
128,128,5bc07659b8d38c0001de0516,baseline_2frames,triangle,green_yellow,133.5,250.0,250.0,165.8000000000029,"a yellow  triangle and a green triangle i saw , the yellow was on the left side of the screen and the green triangle was on the right",2,no,not sure,2frames,False,False,,True,False,False,False,False
129,129,5c62de3f48fe4e000180e09d,illusion_2frames,square,red_blue,149.79400000000896,33.19999999999709,33.5,133.1999999999971,a red square to the left followed by a blue square to the right of the red square. The red square disappeared before the blue square appeared. ,2,no,I have no idea!,2frames,False,False,,True,False,False,False,False
130,130,5c7bc8ea5a669300172440fc,baseline_2frames,triangle,green_yellow,149.72399999998743,266.5,266.29999999998836,133.40000000002328,i saw a yellow triangle flah up on the left then what I think was a green triangle on the right hand side,2,No,No idea,2frames,False,False,,True,False,False,False,False
131,131,5e5a96f5a2f2c528edf70f6e,illusion_2frames,triangle,red_blue,133.4639999999781,33.300000000046566,33.29999999998836,150.09999999997672,"red triangle on the left flashes, nothing is shown in the middle and then the blue triangle on the right flashed. ",1,no,no idea,2frames,False,False,,True,True,False,False,False
132,132,5face5c376854331c289c883,baseline_2frames,square,red_blue,149.94000000000233,249.89999999999415,266.70000000001164,133.10000000000582,"I saw a red square appear on the left hand side, then this disappeared and then a blue square popped up on the right hand side.",2,no,sight ,2frames,False,False,,True,False,False,False,False
133,133,60a2dbe656a4eebbf0152bdc,baseline_2frames,square,green_yellow,149.4780000000028,266.6000000000058,250.0,133.3000000000029,"yellow square on the left, then a green square on the right of the screen, maybe something else popped up as well",2,no,idk,2frames,False,False,,True,False,False,False,False
134,134,66d26b17a28e77051a40fd99,baseline_2frames,square,red_blue,148.94000000000233,266.5,266.5,133.10000000003492,"the red square flashed then blue square flashed second,The red was on the left and blue on the right i would say they both flashed at the same speed",2,it was fine nice to here feedback would be good,how observant we are and if are directions is pulled to the brighter colour,2frames,False,False,,True,False,False,False,False
135,135,6712618d06bcc8e18704a774,illusion_2frames,square,red_blue,141.3300000000163,33.40000000002328,33.29999999998836,133.29999999998836,I saw a blue rectangle and red rectangle moving to the right side of the screen and they moved in a fast manner,2,No,I do not have a guess,2frames,True,False,,True,False,False,False,False
136,136,6724ffedb2e2d24cb30de26f,baseline_2frames,square,red_blue,149.97399999998743,250.0,250.0,149.0,a red dot on the left and blue dot on the right that appeared for a very small amount of time. they were very small.,2,no,i think it was about memory,2frames,False,False,,True,False,False,False,False
137,137,6777b316903f1b12e902e041,baseline_2frames,square,green_yellow,133.5,249.89999999999415,250.10000000000585,166.6999999999971,"Green and yellow boxes flashing on the screen, one as on the right down corner and the other left high corner ",2,no,seeing how vision affects sight,2frames,False,False,,True,False,False,False,False
138,138,67acde79313292059de8a627,baseline_2frames,triangle,green_yellow,149.89999999999418,266.69999999998254,266.6000000000058,133.39999999999418,"I saw a green triangle and a red one. The green one flashed first, followed by the green one which also flashed.",1,None so far,How much people can remember in the short term.,2frames,False,False,,True,True,False,False,False
139,139,695fce769624d60dc12f6698,illusion_2frames,triangle,red_blue,133.30000000001746,33.39999999999418,33.29999999998836,133.30000000001746,"Two triangles, one blue, one red. The blue one was on the right, and the red one was on the left. They did not appear and disappear simultaneously, but were offset a bit.",1,"How many individual shapes was a little confusing. There were two individuals, but one shape.",Perception.,2frames,False,False,,True,True,False,False,False
140,140,69aad78c973bf98429908055,baseline_2frames,square,red_blue,133.59999999997672,249.80000000001743,266.6000000000058,150.0,I saw two rectangles of two distinct colours show up. The red coloured rectangle appeared first and the blue coloured rectangle appeared shortly after. ,2,No,Something to do with memory,2frames,False,False,,True,False,False,False,False
141,141,69c2a43087e0fee8b0259b11,baseline_2frames,triangle,red_blue,133.05200000002517,266.5999999999767,266.6000000000058,133.89999999999418,"First time the screen blinked  I saw a red triangle  near the grey box that was shows before the triangle appeared and then I saw a blue triangle a bit farther away from the red traingle.
",2,Just suggest if a Card is needed to calibrate then best to mention it at the main page of the study in prolific so that the user can be ready before the test begins.,"no idea, if i Had to take wild guess then it was about to see if the eye can see the second image. ",2frames,False,False,,True,False,False,False,False
142,142,69f205e81325e0942cd07d79,baseline_2frames,triangle,green_yellow,149.81599999999162,250.0,249.8000000000029,150.10000000000582,"A yellow triangle was shown toward the left side of the middle, followed by a green triangle shown on the right hand side of the middle of the screen. ",2,,Understanding perceptions and descriptions of short videos including images.,2frames,False,False,,True,False,False,False,False
143,143,69f22f791b22ddcebf1931c2,baseline_2frames,square,green_yellow,133.20000000001164,266.70000000001164,250.09999999997672,166.80000000001746,I saw a small green square on the right which disappeared and then a small yellow square on the left which also disappeared very quickly.,two,"No, it was interesting trying to get the rectangle at the beginning to the required size.",How quickly you can register an image that you only see for a split second.,2frames,False,False,,True,False,False,False,False
144,144,6a0470f6a149bbd7e5d0a0f8,illusion_2frames,triangle,green_yellow,149.1299999999901,33.30000000000291,33.19999999999709,133.40000000000873,"an orange triangle on the left, and a green circle on the right. they both flashed quickly for about a second",2,no,how to write a 5 word description in 20 words,2frames,False,False,,True,False,False,False,False
145,145,6a05df9dcade14a5baa8434a,illusion_2frames,square,green_yellow,148.53199999997742,33.30000000001746,33.29999999998836,133.20000000001164,"a yellow square appeared on the left top corner of the screen, then it vanished and a green square appeared in the top right corner.",2,"Nothing needs improving from my point of view, it was very explanatory as to what to do.",Maybe to do with peripheral vision or how quickly your brain reacts?,2frames,False,False,,True,False,False,False,False
146,146,6a183b7e601c36357f832aaf,illusion_2frames,square,red_blue,140.0,30.10000000000582,30.0,150.20000000001164,"There was a red square on the left, then a blue square on the right. The red square appeared then disappeared, then the blue square appeared then disappeared",2,"None, it was a fine study.","Human perception and how much information they can gather from a brief glimpse of a video, or something about the natural frame rate our eyes can perceive things",2frames,False,False,,True,False,False,False,False
147,147,6a1e98f354da7a484574f5b8,baseline_2frames,triangle,red_blue,149.90000000000873,250.1999999999971,250.1999999999971,150.3000000000029,"I saw a red triangle on the left, then a blue triangle on the right. I'd like to be more descriptive but that's all i've got !",2,none,no idea ,2frames,False,False,,True,False,False,False,False
148,148,6a22345db1c9fc990edae263,baseline_2frames,triangle,red_blue,149.1820000000007,266.5,266.3999999999942,116.60000000000582,"A red triangle flashed up for a brief moment followed by a blue triangle, also flashing up for a moment. The triangles disappeared.",2,Very interesting!,Recollection of very brief videos? I am not sure to be honest.,2frames,False,False,,True,False,False,False,False
149,149,6a45565f7a12c276079537f2,baseline_2frames,triangle,green_yellow,149.64600000000792,250.60000000000585,249.39999999999415,166.60000000000582,"I saw two flashing yellow triangles inside of the box.  The triangles flashed and then went away, they did not stay in the box.",2,no,"I honestly have no clue, but maybe depth perception?",2frames,False,False,,True,False,False,False,False
150,150,5791dae225cb71000128ad5b,baseline_2frames,square,green_yellow,149.4820000000036,250.29999999998836,266.3000000000029,133.3000000000029,"and orange square to the left and a green square to the right with nothing in the middle of them, no movement ",2,no,how quickly the eyes and brain see ,2frames,False,False,,True,False,False,False,False
151,151,5a5bd24be0cf3d000126849e,baseline_2frames,triangle,green_yellow,149.79999999998836,266.9000000000233,250.09999999997672,150.20000000001164,"Firstly, a yellow triangle appeared on the left of the rectangle for a few milliseconds and disappeared. Then a green triangle briefly appeared on the right side.",2,Was the yellow triangle task the pre-video calibration or the actual task?,Perception,2frames,False,False,,True,False,False,False,False
152,152,5b0482fc325b6c0001bbb7f0,illusion_2frames,triangle,red_blue,133.7280000000028,33.10000000000582,33.5,149.89999999999418,I saw a red triangle appear and then disappear on the left side of the video and then a blue triangle appear and disappear on the right side of the video.,2,No comments.,How people describe what they perceive.,2frames,False,False,,True,False,False,False,False
153,153,5bda1da4d6fef5000181aab2,illusion_2frames,triangle,green_yellow,142.10000000000582,32.79999999998836,25.5,141.70000000001164,"A yellow triangle appeared on the left side of the screen and then disappeared quickly, followed by a green triangle appearing on the right side of the screen and disappearing quickly",2,It would be great if the purpose of the study is mentioned upfront so that the user has an idea of the tasks to undertake in this study,Cn a human eye perceive fast moving and changing objects? ,2frames,False,False,,True,False,False,False,False
154,154,5bffc3ae4108380001f5cd63,illusion_2frames,triangle,red_blue,147.83600000001024,33.69999999999709,33.30000000000291,149.89999999999418,I saw a red and blue triangle with a gap between them. The blue triangle appeared to move to the right.,2,"No, the study was very well done.",Peripheral vision possibly.,2frames,False,False,,True,False,False,False,False
155,155,5d959fdf9cf6ab001982afee,baseline_2frames,triangle,red_blue,133.22200000000885,249.89999999999415,250.1999999999971,150.10000000000582,"I saw a red triangle apppear and disappear on the left, a blue triangle did the same on the right hand side. It appeared and disappeared. ",2,None with thanks,I am completely unsure,2frames,False,False,,True,False,False,False,False
156,156,5f27f6a0e13d4e05d048335f,baseline_2frames,triangle,green_yellow,149.90599999998813,250.30000000001743,250.10000000000585,150.09999999997672,"Mustard yellow triangle on the left of the screen, disappeared. Followed by bright green triangle on the right of the screen.",2,,Visual truthfulness.,2frames,False,False,,True,False,False,False,False
157,157,5f57be602095072bb238a7ab,illusion_2frames,square,green_yellow,148.7439999999915,33.30000000000291,33.30000000000291,133.3000000000029,yellow square in left side moving right and a green square on the right moving right both moving very quickly and slightyl in the upper half of the grey rectangle,2,no,eye sight?,2frames,False,False,,True,False,False,False,False
158,158,5fa9392c0cc79c03b3f4eb58,illusion_2frames,square,green_yellow,133.36599999997998,32.70000000001164,33.10000000000582,167.5,"a yellow box started on the left, jumped to the right and turned green, without changing size. the green box disappeared then",2,no,perception,2frames,True,True,Discrete,True,False,False,True,False
159,159,602cf4568083d86318913385,illusion_2frames,triangle,red_blue,148.4880000000121,33.19999999998254,33.5,133.40000000002328,i saw a red triangle on the left and a blue triangle on the right. the red triangle poped up first and  the blue triangle apeared next  ,2,i have no comments.,i am not sure maybe its for a game? maybe your are creating an app that helps with measurements,2frames,False,False,,True,False,False,False,False
160,160,614f74c86e809d190daf00a4,illusion_2frames,triangle,green_yellow,133.38999999998487,33.30000000001746,33.29999999998836,150.10000000000582,A yellow rectangle on the left and a light green triangle on the right.  The yellow triangle originated from the right and bounced into the area on the left.  The colors may have changed slightly as it moved. ,2,Fun study!  Good luck with your research! :-),Hmmm...not sure. Something to do with perception. ,4frames_gradual,True,True,Gradual,True,False,True,False,False
161,161,616c1cc2510fe9022f6577f8,illusion_2frames,square,red_blue,133.28600000000006,33.400000000001455,33.30000000000291,150.0,"I saw several squares flash across the screen. One was red, another was blue. I think there was a third one but it moves so fast I could not fully confirm this.",3,Nothing to add - thank you.,I honestly have no idea! Perhaps checking our ability to absorb fast moving shapes?,4frames_discrete,False,False,,True,False,True,False,True
162,162,6670933a7b03e479d7ff8115,baseline_2frames,triangle,red_blue,140.44400000000314,253.40000000000873,253.5,160.09999999999127,"There were images of two trignales,  saw a red triangle pop up on the left and a blue triangle pop up on the right.   ",2,"No, I thought it was solid and enjoyable. ",Testing our vision. ,2frames,False,False,,True,False,False,False,False
163,163,67698c3573d3cbf6add78578,illusion_2frames,triangle,green_yellow,149.34599999999045,33.29999999998836,33.20000000001164,150.10000000000582,I saw a yellow triangle by the left side and a green triangle by the right side. The yellow triangle appeared before the green trangle,2,,"The objective of the study is to see how well we can describe what we saw, and how certain we are about our responses.",2frames,False,False,,True,False,False,False,False
165,165,694183878f51179c3e7008a0,illusion_2frames,square,red_blue,133.39999999999418,33.30000000000291,33.30000000000291,150.0,"I saw a red square appear on the screen, which was quickly replaced by a blue square appearing more to the right of the screen.",2,Nope,I'm not sure but it was certainly interesting.,2frames,False,False,,True,False,False,False,False
166,166,6980965c3d62835f7947c33e,baseline_2frames,triangle,green_yellow,148.1020000000135,250.0,266.5,149.79999999998836,A yellow triangle first appeared on the left side of the image and then a green triangle on the right after the yellow triangle disappeared.,2,Nothing in particular,I don't really know to be honest,2frames,False,False,,True,False,False,False,False
167,167,69ebc08476719be8a035de6d,illusion_2frames,triangle,red_blue,149.6999999999971,33.30000000000291,33.60000000000582,133.09999999999127,"In the video I saw moving shapes, I am fairly sure they were triangles, I saw at least two, possibly more. I saw red and blue colours for sure.",2,no,awareness of objects,2frames,True,False,,True,False,False,False,False
168,168,69fcc04ad4f16300d170e9c3,baseline_2frames,square,green_yellow,149.76800000001094,250.0,266.5999999999767,150.10000000000582,i saw an orange square appear on the left side and then a green square appear on the right hand side. both squares dissappeared after a short period of time.,2,nothing to add,no clue,2frames,False,False,,True,False,False,False,False
169,169,6a0632eaaddb60fc1d2b8491,baseline_2frames,triangle,red_blue,147.40000000000873,250.0,258.31999999999243,150.0,"A red triangle quickly flashed and disappeared on the left, then a blue triangle did quickly flashed and disappeared on the right.
",two,,Average refresh rate of user's screens,2frames,False,False,,True,False,False,False,False
170,170,6a0d1f29937a492e8dcafcf4,illusion_2frames,square,green_yellow,149.81600000000617,33.39999999999418,33.10000000000582,133.39999999999418,I saw two squares moving that were the colors of yellow and green.  They were small squares and the yellow moved towards the green square.,2,no,Visual recognition and memory,2frames,True,False,,True,False,False,False,False
171,171,6a0f1d91b443cab5c9773372,illusion_2frames,triangle,green_yellow,133.70000000001164,33.0,33.79999999998836,150.3000000000029,"I saw two triangles, the first is a yellow orange color and the second is green. The yellow was on the left and the green was on the right.
",2,"N/A
",Perception of what is seen?,2frames,False,False,,True,False,False,False,False
172,172,6a159a999f776296ec0f7001,illusion_2frames,triangle,red_blue,149.6999999999971,33.40000000000873,33.39999999999418,149.60000000000582,I saw a red triangle and a blue triangle. It was only on the screen for maybe a second. Both triangles were small.,2,No,Attention skills?,2frames,False,False,,True,False,False,False,False
173,173,6a1cf38a0420f205c8b24a16,illusion_2frames,triangle,green_yellow,149.2019999999975,33.400000000001455,33.30000000000291,149.79999999999563,It was too quick that I did not really see anything. It was a red square maybe? Like red or orange in colour,1,,No idea.,4frames_discrete,False,False,,True,True,True,False,True
174,174,6a4395a81fed13bab18d322c,baseline_2frames,triangle,red_blue,145.6999999999971,250.20000000001164,249.89999999999415,152.60000000000582,a red triangle flashed on the left side of the rectangle and then a blue triangle flashed on the right hand side of the rectangle,2,none,visual field,2frames,False,False,,True,False,False,False,False
175,175,5b2eae5577b17f0001c037af,baseline_2frames,triangle,green_yellow,148.5,250.0,250.0,166.65999999998894,I saw a gold triangle and a green triangle appear and disappear. It's difficult to describe it in more words than that.,2,This was fairly confusing.,I have no idea.,2frames,False,False,,True,False,False,False,False
176,176,5c4f7b99b33a5300013dbfdd,illusion_2frames,triangle,green_yellow,149.79999999998836,33.30000000000291,33.19999999999709,149.90000000000873,A yellow triangle flashed up on the left and this was followed by a green triangle which flashed up on the right and then disappeared.,2,,To see how people percieve different colours of shape.,2frames,False,False,,True,False,False,False,False
177,177,5f84e472052cf81ae5752252,illusion_2frames,square,red_blue,149.44400000000314,33.30000000000291,33.29999999998836,133.20000000001164,first a red square was in the bottom left corner. then this went away and a blue square appeared in the top right hand corner of the area.,2,no,unsure,2frames,False,False,,True,False,False,False,False
178,178,605e491b152b38b079a9ca7c,illusion_2frames,triangle,red_blue,139.7600000000093,33.35999999998603,33.320000000006985,133.4200000000128,"A blue and red triangle, I think the blue triangle was on the left and the red one on the right. The triangles flashed really quickly, I think just flashing the once.",2,None.,I have no idea! Maybe reaction time?,2frames,False,False,,True,False,False,False,False
179,179,60fb26e75427cb8125f2e4a4,illusion_2frames,triangle,red_blue,149.59999999997672,32.90000000002328,33.399999999965075,133.60000000003492,"I saw a red triangle on the left and a blue one on the right. They were small, about 1 centimeter in height.",2,"No. I thought that there were just 2 triangles and they moved, but I guess from what I just picked, that would have been considered 4. ",No clue,4frames_discrete,False,False,,True,False,True,False,True
180,180,615eda024a5f84f408625b4f,baseline_2frames,triangle,green_yellow,133.39199999999255,250.10000000000585,249.8000000000029,166.59999999999127,A yellow triangle on the lower-centre left side and a green triangle on the upper-centre right side. The yellow triangle blinked first and then disappeared before the green triangle briefly appeared and then disappeared. ,2,No.,I don't know. Something about how reliable a human's recall memory is. ,2frames,False,False,,True,False,False,False,False
181,181,63bd9ac0dc52225142c5b1d4,illusion_2frames,triangle,red_blue,133.3080000000191,33.39999999999418,33.29999999998836,150.0,blue triangle on left and then red triangle on right the blue appeared on the left disappeared then red appeared on the right,1,i thought it was blue and then red,no  idea,2frames,False,False,,True,True,False,False,False
182,182,63f7df76fda679592c5132bf,baseline_2frames,triangle,green_yellow,133.4100000000035,250.0,266.40000000000146,150.0,"I first saw a yellow triangle on the left, followed by a green triangle on the right. Both were within the same rectangle",2,,How different people visualize the same thing,2frames,False,False,,True,False,False,False,False
183,183,65f8d23136abafe80c61998a,baseline_2frames,square,green_yellow,133.70000000001164,250.0,250.10000000000585,150.0,"I saw a yellow square flash on the left part of the screen, followed by a green square on the right side a split second later.",2,,The experiment was about visual reflex speed,2frames,False,False,,True,False,False,False,False
184,184,66c20b634a3b292d25596fbc,illusion_2frames,triangle,green_yellow,133.93399999999383,33.30000000000291,33.30000000000291,150.0,I saw one green and one yellow triangle shape move across the screen with intermittent flashing and I think they were moving right to left or maybe the other way around,2,no,no idea,2frames,True,False,,True,False,False,False,False
185,185,671038fb26ff82aa6081d040,illusion_2frames,square,green_yellow,149.43599999998696,33.399999999965075,33.20000000001164,150.20000000001164,I saw a  bright green object that moved from left to right rather quickly in two movements it all happened at speed,2,no,observation at speed,2frames,True,False,,True,False,False,False,False
186,186,676069ee1bbc5b99ae53e730,illusion_2frames,square,red_blue,149.57400000002235,33.29999999998836,33.29999999998836,133.40000000002328,"an orange square on  the left side and a blue square on the right side ,they were static and with space in between them .",2,none ,i have no idea,2frames,False,False,,True,False,False,False,False
187,187,677968daf8dc4ddeecc53a73,illusion_2frames,triangle,red_blue,142.39999999999418,25.0,25.0,150.0,"On the left, I saw a red triangle that skipped over to what appeared to be a blue triangle of the same size.",2,Please note that I have mono vision.  It is corrected by glasses for certain situations.,visual perception,2frames,True,False,,True,False,False,False,False
188,188,695f9f814c128ad2468d5424,illusion_2frames,triangle,green_yellow,133.10000000000582,32.70000000001164,34.29999999998836,150.10000000000582,"I saw flashing triangles, one was green and the other I believe was orange. They flashed very quickly so I could be mistaken.",2,no,To see how people gauge quick videos,2frames,False,False,,True,False,False,False,False
189,189,6978c7c7fd049938a72db4ac,baseline_2frames,triangle,green_yellow,141.67799999999988,266.59999999999127,250.20000000001164,133.29999999998836," YELLOW TRIANGLE THAT FLASHED ON THE LEFT HAND SIDE OF THE SCREEN, AND THEN A GREEN TRIANGLE THAT FLASHED ON THE RIGHT HAND SIDE OF THE SCREEN",2,NO,I THINK IT WAS ABOUT MY ABILITY TO PICK UP ON QUICK MOVEMENTS,2frames,False,False,,True,False,False,False,False
190,190,69c13c0ad9ea03501703d527,baseline_2frames,square,red_blue,133.17399999999907,250.40000000000873,266.5,149.89999999999418,"I saw two sqaures pop up. I know for sure that the second square was blue. It was in the bottom right corner of my visual field. I think the first square may have been red, but I am not certain.",2,Maybe give a longer explanation of what the study will entail before it starts.,I think we covered our right eye and did that experiment prior to the second experiment to see how that affected our vision.,2frames,False,False,,True,False,False,False,False
191,191,69f98463f2070bddf692b800,baseline_2frames,triangle,red_blue,144.10000000000582,256.8999999999942,250.10000000000585,152.80000000001746,"saw red and blue triangle , the red came up first followed by the blue. they came as a flash of a second, then disappeared.
 
",2,make it more interesting,screen size and awareness,2frames,False,False,,True,False,False,False,False
192,192,69ff44271a9ace738ae8b113,illusion_2frames,square,red_blue,127.60000000003492,25.20000000001164,25.099999999976717,150.70000000001164,"Red square appeared first on the left and vanished then a blue squares appeared on the right and vanished too, it happened almost in split seconds",2,no,I think it was about our cognitive ability,2frames,False,False,,True,False,False,False,False
193,193,6a065048dfa8bd26680e1879,baseline_2frames,square,red_blue,148.79999999998836,249.90000000002328,250.29999999998836,149.29999999998836,Red square flashing on the left of the screen. Blue square flashing on the right of the screen. Black background. Nothing else was visible.,2,Explain the instructions a bit better and provide an example before the test.,How someone processes viewing objects quickly,4frames_discrete,False,False,,True,False,True,False,True
194,194,6a08ca5af96ffba2293ddd28,baseline_2frames,triangle,green_yellow,143.6600000000035,250.0,266.6399999999994,133.3399999999965,Two triangles one yellow and one green triangle moving about the screen. The triangles seem to move sideways across the screen.,2,none thanks,recall of images,4frames_discrete,True,False,,True,False,True,False,True
195,195,6a0ceb526a36ac0e4a8c578d,baseline_2frames,triangle,red_blue,135.82000000000698,250.01999999998952,266.4200000000128,150.2399999999907,"I saw two triangles. The first was red and the second one was blue. They were fairly small in shape, and were equal in length and size.",2,,Perception on a screen based on distance away from the screen,2frames,False,False,,True,False,False,False,False
196,196,6a0dfefeb75ae8ac09c192c6,illusion_2frames,square,green_yellow,149.96400000000722,32.69999999998254,33.80000000001746,132.69999999998254,I saw a yellow square and a green square pop up and vanish quickly. I didnt see anything else besides those two squares rapidly showing up and vanishing.,two,no,Sitting close to the screen,2frames,False,False,,True,False,False,False,False
197,197,6a1745e2b2ef7c3636232ca3,illusion_2frames,triangle,green_yellow,133.39999999999418,33.39999999999418,33.20000000001164,150.19999999998254,"A yellow triangle appeared on the left, then disappeared.A green triangle appeared to the left of where the yellow triangle was and then disappeared.",2,,Something to do with memory recall.,2frames,False,False,,True,False,False,False,False
198,198,6a180206a7bd870cd0c881cd,baseline_2frames,triangle,green_yellow,134.11599999999453,266.5,266.40000000000873,150.59999999999127,"two triangles different colours both flashed up and left the screen

the back screen was black and stayed black how much can i write aboutit ?",2,less words to describe ,perception,2frames,False,False,,True,False,False,False,False
199,199,6a1dbcc832ee874c3f2a76c6,illusion_2frames,square,green_yellow,149.8139999999985,33.30000000000291,33.39999999999418,133.1999999999971,"A yellow square flashed up, followed by a green square and then I think a red square flashed up between the two. Once they flashed up, they disappeared before the next square flashed up.",3,,Perception on screens,4frames_discrete,False,False,,True,False,True,False,True
200,200,5dcf4136cf8e7e086ea019e4,baseline_2frames,triangle,green_yellow,133.47399999998743,266.3999999999942,266.80000000001746,133.10000000000582,"a yellow triangle a green triangle, and a flash of something higher up on the screen, possibly a pink or red triangle, though that's just a guess",3,ask about glasses and eye conditions,peripheral vision,2frames,False,False,,True,False,False,False,False
201,201,5dfab99508267580dcdafe05,baseline_2frames,square,red_blue,133.58400000000256,250.0,266.59999999999127,150.0,I saw red and blue squares at the top left and top right corners of the square. They flashed very briefly.,2,no,Depth perception and eye tracking,2frames,False,False,,True,False,False,False,False
202,202,5ef7783026861249d8eb58ef,baseline_2frames,square,green_yellow,146.6019999999844,266.1000000000058,266.30000000001746,116.5,"after a space of time first to flash up was a Yellow square, straight after this up popped and flashed a green square.",2,Unsure in general about this question. ,Memory in general i would have to say.,2frames,False,False,,True,False,False,False,False
203,203,6002ae1ea178912bfa128adf,illusion_2frames,square,red_blue,133.30000000001746,33.69999999998254,33.20000000001164,149.89999999999418,"There was a red square on the left that disappeared, this was then followed by a blue square on the right that also disappeared. Red was first, blue was second in quick succession.",2,"No, this was all very clear, but I thought I was just doing a practice round that time?",Attention span or perception. Perhaps all the colours / shapes were shown but I was only able to perceive some of them.,2frames,False,False,,True,False,False,False,False
204,204,6647c117352b708167ccfd48,baseline_2frames,triangle,red_blue,133.39999999999418,250.0,249.10000000000585,151.0,"I saw a red triangle flash on the left side of the box and then right after that, a blue triangle flashed on the right side of the box.",2,no,visual acuity,2frames,False,False,,True,False,False,False,False
205,205,665486f73c9f68e40025d1d6,illusion_2frames,triangle,red_blue,149.41200000001118,33.60000000000582,33.29999999998836,149.89999999999418,"A red triangled flashed on the left side of the video area, and then a blue triangle flashed on the right side of the area. I couldnt tell if a triangle flashed in the middle. ",2,Interesting study thanks!,The expierment might be about how we perceived very fast or small video or if we remember seeing frames we didnt when prompted. ,2frames,False,False,,True,False,False,False,False
206,206,6658b1715e1a41dd45542d08,baseline_2frames,square,red_blue,145.77999999999884,256.90000000000873,250.0,152.75999999999476,"At first, I saw a red square in the left side of the video area. The red square briefly flashed for a milisecond before it was replaced with a blue square at the opposite, right side of the video area. The blue square also briefly flashed for a milisecond.",2,No,Recall,2frames,False,False,,True,False,False,False,False
207,207,66e42249ff3f1be588b9bf04,baseline_2frames,triangle,green_yellow,133.3000000000029,250.09999999999127,250.0,150.0,I saw a yellow triangle on the left-hand side and a green triangle on the right-hand side. The yellow triangle appeared before the green triangle and not at the same time.,2,No,How to measure the distance somebody is sitting from the screen.,2frames,False,False,,True,False,False,False,False
208,208,67320d1162471de1917ec0f1,illusion_2frames,square,green_yellow,148.8419999999751,33.30000000001746,33.39999999999418,149.70000000001164,"red and green squares, red squarewas on the left, green on the right. they were about 1 cm square in size",2,no,concentration,2frames,False,False,,True,False,False,False,False
209,209,694a387a067835f486de3968,illusion_2frames,square,green_yellow,133.40000000002328,34.0,33.09999999997672,149.90000000002328,There were small squares that quickly flashed across my screen in random areas. I saw what looked to be a green square and then a yellow square in a different spot. ,"2
",No,Reaction time,2frames,False,False,,True,False,False,False,False
210,210,69f0e10237e70629b1851b6f,illusion_2frames,square,green_yellow,141.94599999999627,41.20000000001164,41.89999999999418,125.0,"Yellow box, Green box. They appeared and disappeared quite quickly. Yello box appeared on the left first then the green box appeared on the right. Both disappered",2,That was weird.,COlour blindness?,2frames,False,False,,True,False,False,False,False
211,211,69f64280ed4e3ec5e382b97b,baseline_2frames,triangle,green_yellow,149.8000000000029,250.0,249.89999999999415,150.10000000000582,A yellow triangle flashed on the left side of the space followed by a green triangle flashing on the right side.,2,No.,Vision and memory,2frames,False,False,,True,False,False,False,False
212,212,69fcbcd4460fdf1315cbf720,baseline_2frames,triangle,red_blue,145.8000000000029,256.8999999999942,250.10000000000585,152.8000000000029,"I saw a red triangle pointing left with the peak looking at the left, then on top a blue triangle pointing up",2,no,something to do with memory,2frames,False,False,,True,False,False,False,False
213,213,6a06dc12135cecc2bcf94568,baseline_2frames,triangle,green_yellow,147.47199999997974,253.30000000001743,253.5,146.69999999998254,I saw 2 yellow triangles move across the screen. The movement was slow and horizontal. It was not what I would have expected.,2,no,I don't know.,2frames,True,False,,True,False,False,False,False
214,214,6a0a48ea0931e3441a3ae3c2,baseline_2frames,square,red_blue,133.3240000000078,249.89999999999415,250.10000000000585,166.59999999999127,"flashing colours or lights that flashed in front of me Think they were squares, not sure of the colours though. maybe green brown ",3,make video longer,i think it was about maybe people that are colour blind or to test your vision,4frames_gradual,False,False,,True,False,True,False,False
215,215,6a0c5f6a4974d3dfbeb467ae,illusion_2frames,triangle,red_blue,137.1720000000205,32.899999999965075,31.30000000004657,147.79999999998836,"I saw a red triangle and a blue triangle. The red triangle appeared at the left , then moved to the right, while the blue triangle was stationed at the left.",Two,The was well organized.,The experiment is about memory check.,2frames,True,False,,True,False,False,False,False
216,216,6a0ce1af242c8f6fb9613959,illusion_2frames,square,red_blue,133.67399999999907,33.39999999999418,33.19999999999709,150.0,An orange square flashed then a blue square to the right of it flashed. Both squares were only there for half a second each.,2,20 words seemed like a lot to describe just two squares flashing.,Testing peripheral vision?,2frames,False,False,,True,False,False,False,False
217,217,6a0e2d88eda70a05d180e619,illusion_2frames,square,green_yellow,133.33200000000943,33.39999999999418,33.30000000000291,150.0,"flashing yellow square to the left, then flashing green square to the far right, nothing in the middle at all, it lasted less than a second",2,Explain what exactly we would need to do or monitor for the study? ,No idea,2frames,False,False,,True,False,False,False,False
218,218,6a0f4efa4c1c3cea7f8f090a,baseline_2frames,triangle,red_blue,133.39999999996508,250.10000000003492,250.09999999997672,150.0, A red triangle popped up briefly on the left side of the screen and disappeared then a blue triangle done the same but on the right side of the screen,2,,How distance affects what we see,2frames,False,False,,True,False,False,False,False
219,219,6a178678433793153754c4af,illusion_2frames,triangle,red_blue,142.18000000002212,33.33999999999651,33.23999999999069,133.32000000000698,"I saw a red triangle appear, and then a blue triangle appear, before moving across the screen very face and blinking out of existence.",2,,Noooo possible clue!,2frames,True,False,,True,False,False,False,False
220,220,6a19f526072b2232cc769e5d,baseline_2frames,triangle,red_blue,146.7740000000049,250.0,250.0,150.0,I initially saw a red flashing triangle on the left side of my screen followed by a blue flashing triangle on the right side. ,2,It was great. ,vision?,2frames,False,False,,True,False,False,False,False
221,221,6a1cacea5ab7e64c95471843,baseline_2frames,square,red_blue,149.36999999999534,250.60000000000585,250.0,165.79999999998836,First I saw a red square flash on the left side of the screen. It disappeared and the a blue square flashed on the right side of the screen.,2,No comments.,I think to see how perception and distance from the screen impacts what we saw.,2frames,False,False,,True,False,False,False,False
222,222,6a1e07f708403cea55258e08,illusion_2frames,square,red_blue,123.0,33.0,33.0,134.0,"3 colorful squares flashing across the screen very fast, i saw blue and red but cant rember the other color it might be yellow",3,no,how well a person can track/see,4frames_discrete,False,False,,True,False,True,False,True
223,223,6a2070430d071786cd8d541a,illusion_2frames,triangle,red_blue,149.5,33.20000000001164,33.29999999998836,150.0,"I saw one red and one blue triangle moving across the screen, then disappearing.  The triangles were of an equal size.",2,"no, all good",no idea,2frames,True,False,,True,False,False,False,False
224,224,6a260bad570908e6ed3b6f2a,baseline_2frames,square,green_yellow,149.70000000001164,258.5,257.79999999998836,133.10000000000582,a yellow square flashed on the left side and a green square flashed on the right side after the yellow one disappeared.,2,nope,no clue,2frames,False,False,,True,False,False,False,False
225,225,57a0d81d81f331000139d989,baseline_2frames,triangle,red_blue,145.5,254.40000000000873,254.39999999999415,145.40000000000873,A red triangle flashed on the left followed by a blue triangle flashed on the right. The middle area was grey.,2,"No, it worked as intended.",I am unsure.,2frames,False,False,,True,False,False,False,False
226,226,5b2a2d855b5c0900018b0bf5,baseline_2frames,square,green_yellow,148.91800000000512,266.3999999999942,266.3999999999942,116.60000000000582,There was a yellow square that appeared briefly on the left hand side which then disappeared and then a green square appeared on the right.,2,no,if we take notice of colours and shapes.,2frames,False,False,,True,False,False,False,False
227,227,5b6f5150410d9d0001a551e4,baseline_2frames,triangle,green_yellow,133.36200000002282,250.0,266.5999999999767,150.20000000001164,a yellow triangle flashed then disappeared on the left then a green triangle flashed then disappeared on the right. It was all over in seconds from what I remember,2,no,no idea,2frames,False,False,,True,False,False,False,False
228,228,5b9ec956c8a17f000171f7ad,illusion_2frames,square,green_yellow,133.39999999999418,33.19999999999709,33.40000000000873,150.0,"An orange square appeared on the left side and then disappeared. Then, a green square appeared on the right side before the video ended. Another square may have briefly appeared in the middle, but it was difficult to tell. ",2,no,visual perception,2frames,False,False,,True,False,False,False,False
229,229,5dd2d431181abc2ecde6edb4,baseline_2frames,triangle,green_yellow,134.5,250.29999999998836,250.5,150.89999999999418,"I saw a yellow triangle appea on my left, followed by a green triangle that appeared  on my right. The triangles appeared very briefly and then were gone.",2,"No, no comments.",Vision,2frames,False,False,,True,False,False,False,False
230,230,60205f5ba5fe0165fa0e5e01,illusion_2frames,square,green_yellow,136.0,33.0,32.0,134.0,"I saw two shapes, a yellow one and then a red one, I do not remember the way they were positioned but one flashed and the the other afterwards ",2,no,I don't really think I know and cannot come up with any valuable guesses at the moment,2frames,False,False,,True,False,False,False,False
231,231,61096b18dc10f2a5fb0db48b,illusion_2frames,triangle,red_blue,149.8080000000191,33.39999999999418,33.29999999998836,150.0,"Red and blue triangles passing from right to left. There was likely a third color in the middle, but I did not catch it in time. ",3,"This was fun, thank you!",If one can focus long enough to remember minimal information.,4frames_discrete,False,False,,True,False,True,False,True
232,232,657a59ca40daebdb26cb31af,illusion_2frames,square,green_yellow,145.6999999999971,27.80000000000291,20.79999999999563,152.70000000000437,I saw flashes of rectangular boxes in different colors.There were three and they flashed in succession one after another in the middle of the screen. ,3,N/A.,It was about how expectation can influence what one can perceive. ,4frames_discrete,False,False,,True,False,True,False,True
233,233,660ea65b18972d0e6a14a896,baseline_2frames,square,green_yellow,149.0,252.0,248.0,134.0,"First I saw a yellow square on the left hand side, quickly followed by another square on the right hand side.",2,I can't think of anything.,"I have no idea, sorry!",2frames,False,False,,True,False,False,False,False
234,234,6668c9df1d76dc85e0f95d40,illusion_2frames,square,green_yellow,149.5340000000142,33.29999999998836,33.40000000002328,133.19999999998254,"I first saw a yellow ball by the left side of my screen, it went away and after a blue ball appeared at the right side of my screen",2,No,I am still confused a little but it was ok,4frames_discrete,False,False,,True,False,True,False,True
235,235,6934d15f5d001b383f9366a9,baseline_2frames,triangle,red_blue,149.89999999999418,250.10000000000585,266.59999999999127,133.3000000000029,"I saw a red triangle on the left and a blue triangle on the right, both the same size (kinda small), and centered across from each other (the red one flashed first, then the blue shortly after).",2,,"Ummm, maybe visual attention of some kind? Processing? It's hard to guess! :D",2frames,False,False,,True,False,False,False,False
236,236,6997657c634ff1298999e05a,illusion_2frames,triangle,green_yellow,149.90000000000873,33.80000000000291,33.39999999999418,150.10000000000582,I saw a simple yellow triangle flashing and moving to the left and a same sized lime green one flashing on the right before the yellow one,2,"No, it was fun","focus on color, movement",4frames_discrete,True,False,,True,False,True,False,True
237,237,69abe52064f81f9ea666272f,baseline_2frames,triangle,red_blue,147.5,266.5,266.5,116.10000000000582,"I saw a red triangle flash briefly on the left, a pause, and then a blue triangle flashed on the right.",2,nope,I'm guessing there were actually more shapes and you were testing how many frames per second we can perceive. Or refresh rate.,2frames,False,False,,True,False,False,False,False
238,238,69b0807c1fbb0d3519a7b469,baseline_2frames,triangle,red_blue,134.40000000000146,249.89999999999415,250.0,150.10000000000582,i saw two triangles on my screen flash for 1 second. one was red and the other was green. i think the red one appeared on the left.,2,no,gauging how well people remember things that happen for only a brief moment.,2frames,False,False,,True,False,False,False,False
239,239,69c2a6ec39af7c4c4c681804,illusion_2frames,triangle,green_yellow,135.19999999998254,33.30000000001746,33.19999999998254,133.30000000001746,I saw two triangles rapidly appear and disappear from left to right. The first triangle was Yellow and the second triangle was green.,2,No,How individuals can remember shapes when shown rapidly.,2frames,False,False,,True,False,False,False,False
240,240,69c9de370243c51e405a3273,illusion_2frames,square,green_yellow,149.9900000000198,33.29999999998836,33.30000000001746,133.29999999998836,"I saw two small square boxes, one green and one yellow colour square box. They blinked very fast. I think i saw the green first and than yellow.",2,No,memory ,4frames_gradual,False,False,,True,False,True,False,False
241,241,69f25a06e6dfc9f5ecaf7b31,baseline_2frames,square,green_yellow,133.3859999999986,250.09999999999127,249.90000000000873,150.09999999999127,A yellow square on the left of the viewing area and a green square on the right side of the viewing area.,2,,No idea,2frames,False,False,,True,False,False,False,False
242,242,69f4e063ee719729b9ca83a8,baseline_2frames,square,red_blue,133.35999999998603,250.0,266.6000000000058,150.0,"I saw two squares,the blue one on the left and the red one on the right.They both came and disappeared in less than a second.",2,Please show them on the screen a little longer,memory,2frames,False,False,,True,False,False,False,False
243,243,69fe70065ddfb31cf1c0f4a8,illusion_2frames,square,green_yellow,149.8000000000029,33.40000000000873,33.39999999999418,133.1999999999971,"I saw a yellow square to the left, it disappeared, and then a green square appeared to the right. It was very brief.",2,No comments.,I honestly cannot say. Maybe how the distance to the screen affects the way we see things in quick exposures?,2frames,False,False,,True,False,False,False,False
244,244,6a08b13c2a04855d83b2ebf0,baseline_2frames,triangle,red_blue,133.3400000000256,266.5999999999767,250.0,166.70000000001164,"In the previous image, I saw one red triangle and then saw one blue triangle. They were close to the bottom of the screen. ",2,No,I think it is how people can precisely describe images that they can see within a  few seconds. ,2frames,False,False,,True,False,False,False,False
245,245,6a08b774bdf15bb6615a1a92,illusion_2frames,square,red_blue,144.58199999999488,27.699999999982538,27.800000000017462,152.79999999998836,"there was a red square that appeared on the left first and then it disappeared, and then a blue square on the right that disappeared
",2,no,memory,2frames,False,False,,True,False,False,False,False
246,246,6a0adda4ab63b9293ca9d4ab,baseline_2frames,square,red_blue,149.60000000000582,258.1000000000058,250.09999999999127,150.3000000000029,"A red square on the left followed by a blue square on the right. The red flashed up, disappeared and then the blue did the same",2,,Genuienly no idea at all. Maybe on colour perception?,2frames,False,False,,True,False,False,False,False
247,247,6a11e324557eb4511b65ce4d,illusion_2frames,square,red_blue,133.19000000000233,33.39999999999418,33.39999999999418,150.0,a red square and a blue square both breifly flashed on the screen not at the same time but one after the other,2,not that i can think of,how far away people sit from screens,2frames,False,False,,True,False,False,False,False
248,248,6a1c13c0f0f211ada18d99ca,baseline_2frames,triangle,red_blue,149.774000000034,249.79999999998836,266.70000000001164,150.59999999997672,I saw a red triangle first and then I saw a blue triangle pretty much straight away. It happened very quickly,2,no comment,no idea,2frames,False,False,,True,False,False,False,False
249,249,6a1d009b4117a2e737b798b4,baseline_2frames,square,red_blue,133.26999999998952,250.39999999999415,249.60000000000585,166.60000000000582,"i saw a small red square to the left, and a small blue square to the right of the red square, i think there may of been something else going upwards but honestly, i don't know, it was out of my line of vision",2,none,spacial reasoning perhaps... no clue,2frames,False,False,,True,False,False,False,False
250,250,5b757a03976ecb0001b1168f,illusion_2frames,triangle,red_blue,146.51600000000326,33.39999999999418,33.19999999998254,149.60000000000582,"I saw two red triangles and one blue triangle, the red triangles quickly moved to the right towards the blue triangle and then moved back to the left",3,no comments to offer,perception of shapes and movement,4frames_discrete,True,False,,True,False,True,False,True
251,251,5b99e1f94cac420001e3cf7c,baseline_2frames,triangle,red_blue,147.10000000000582,250.10000000000585,250.10000000000585,150.10000000000582,"A red triangle flashed on the left side of the box and then disappeared, and then a dark blue triangle appeared, flashed, and disappeared.",2,No,Not sure,2frames,False,False,,True,False,False,False,False
252,252,5c5cad3e4ee81200018eafe2,illusion_2frames,triangle,green_yellow,134.97999999999593,33.38000000000466,33.36000000000058,150.15999999998894,An orange triangle on the left side of the screen and a green triangle on the right side of the screen,2,They were very quick but still noticeable if you were concentrating and focused,Visual attention for fast moving items,2frames,False,False,,True,False,False,False,False
253,253,5d190e1c686b190018ea4d86,baseline_2frames,square,red_blue,133.0,250.0,267.1000000000058,149.69999999998254,Orange square to the left and then a blue square to the right. They were small and flashed up seperately.They only flashed on the screen for less than a second.,2,no,Vision,2frames,False,False,,True,False,False,False,False
254,254,5f68d4c59b202b055cc873e5,baseline_2frames,triangle,green_yellow,133.5,250.0,250.20000000001164,149.60000000000582,"I saw two orange triangles that appeared one after the other; the first appeared on the left and disappeared, then one appeared on the right and disappeared.",2,No comments at the moment.,"To be honest, I'm not quite sure, but my assumption is that it has something to do with visual perception.",2frames,False,False,,True,False,False,False,False
255,255,60aad516e34718d318bfb44d,illusion_2frames,square,red_blue,149.7719999999972,33.29999999998836,33.300000000046566,133.29999999998836,"I saw squares, one appeared on the left it was orange and it disappeared and another square popped up on the right which was a deep blue colour, I saw nothing in the middle of the screen but grey. I do not know it this is a technical issue. So I saw two squares. ",2,no,"it was to test our focus I think,",2frames,False,False,,True,False,False,False,False
256,256,628deac8711dee5dbda650ae,baseline_2frames,square,green_yellow,149.88999999999942,266.6999999999971,249.90000000000873,133.39999999999418,"A small yellow square popped up on the left, then disappeared, and then a small green square popped up on the right.",2,No.,No idea.,2frames,False,False,,True,False,False,False,False
257,257,6357a92c14a05d21ebdd897f,illusion_2frames,square,red_blue,139.11999999999534,33.36000000000058,33.36000000000058,150.10000000000582,A red square appeared briefly on the far left then disappeared. After the red square disappeared a blue square did the same but in the far right. Then the video ended.,2,Use some other calibration method.,Recall of short a video,2frames,False,False,,True,False,False,False,False
258,258,663b9428f987ff46c0638ad1,illusion_2frames,triangle,red_blue,144.5,27.80000000000291,27.69999999999709,152.40000000000873,I saw a red triangle on the left side and a blue triangle on the right side. But saw two triangles each on one side.,1,no :),How people can see and how fast their reactions are.,2frames,False,False,,True,True,False,False,False
259,259,69309f7da595fb656eebdeb1,baseline_2frames,square,red_blue,148.75,266.5,266.4000000000233,116.5,I saw a red square first in the top left corner followed by a blue square to the right side corner of the small square box,2,no,eyesight,2frames,False,False,,True,False,False,False,False
260,260,696e00c36e8b2550657e45f7,illusion_2frames,square,red_blue,141.79999999998836,32.39999999999418,32.10000000000582,135.5,"A red square and blue square popped up in front of me, left and right hand side centre of the screen respectively. Seemingly mirrored ",2,,"Depth perception, attention",2frames,False,False,,True,False,False,False,False
261,261,69a4ad1532ce22d1674738a9,baseline_2frames,square,red_blue,149.72000000000116,266.6000000000058,249.89999999999415,133.30000000001746,I saw two squared shape which were colored blue and red and they were rotating. They moved really fast like a second.,2,No,Attention ,2frames,True,False,,True,False,False,False,False
262,262,69aae063e513f5518031a19e,baseline_2frames,square,red_blue,149.83400000000256,266.70000000001164,250.0,133.29999999998836,"while focusing on the screen,in about 5 seconds i saw an orange square and a blue square move in different directions.",2,,CONCENTRATION,2frames,True,False,,True,False,False,False,False
263,263,69d60b821c7fcd0fae5faf58,illusion_2frames,triangle,green_yellow,133.5,33.10000000000582,33.39999999999418,166.69999999998254,"I saw 2 shapes, in different colors. One was green and the other was yellow. The shapes were both triangles. The disappeared from left to right.",2,,To check how much the human eye can see a fast moving object.,2frames,False,False,,True,False,False,False,False
264,264,69f33a0df95941e92ce7d3ed,illusion_2frames,square,red_blue,149.8000000000029,33.19999999999709,33.39999999999418,149.90000000000873,A FLASHING RED SQUARE CAME UP ON THE LEFT HAND SIDE OF THE SCREEN THEN A FLASHING BLUE SQUARE APPEARED ON THE RIGHT HAND SIDE OF THE SCREEN,"2
",NO,"REACTION TIME
",2frames,False,False,,True,False,False,False,False
265,265,69f534af41557cc2ac117753,baseline_2frames,triangle,green_yellow,149.89999999999418,250.0,266.6000000000058,133.39999999999418,"A yellow triangle appeared then a green one.  The Yellow on the left, the green on the right.  They appeared against a dark background.",2,A word count as you type for the text input until you hit 20 :),Visual perception.,2frames,False,False,,True,False,False,False,False
266,266,69fcb26251b7047bcc4538cd,illusion_2frames,square,green_yellow,149.10000000000582,33.59999999999127,33.19999999999709,133.3000000000029,I saw a yellow square on the left and a green square on the right hand side of the screen. The yellow square flashed first then disappeared and then the green square flashed.,2,No,Not sure,2frames,False,False,,True,False,False,False,False
267,267,69fd9c37b73502b67f736eef,illusion_2frames,triangle,green_yellow,133.73600000000442,33.41000000000349,33.44000000000233,150.3979999999865,a triangle that jumps from the left to the right side of the box and is yellow on the left and green on the right,2,no,visual tracking,2frames,True,True,,True,False,False,False,False
268,268,69feffe876772d18fadd4718,illusion_2frames,square,green_yellow,149.93999999998778,25.10000000000582,33.19999999999709,141.6999999999971,"I saw flashing simple squares in quick succession; I believe they were yellow, red, and green (not necessarily in that order), but they moved very quickly so it's hard to be sure if I missed one.",3,No comments,How the brain creates information if it's not able to fully process what it's seen (e.g. in the case of information shown very quickly),4frames_discrete,True,False,,True,False,True,False,True
269,269,69ffbea27516957e550655d3,illusion_2frames,square,green_yellow,133.60000000000582,33.19999999999709,33.40000000000873,150.1999999999971,I saw a yellow square to the left and a green square to the right. The Yellow square appeared first before disappearing and then the green square appeared to the right briefly. ,2,"No, all worked as intended!",I have no idea! Visual perception of some kind. ,2frames,False,False,,True,False,False,False,False
270,270,6a00782b3c1844750d20d925,illusion_2frames,triangle,green_yellow,133.39999999999418,33.39999999999418,33.30000000001746,150.0,A yellow triangle followed by the appearance of a green triangle. I think the yellow triangle disappeared when the second one came up (to its right),2,"No, everything was very clear",Maybe testing peripheral vision?,2frames,False,False,,True,False,False,False,False
271,271,6a00da75a93846d2de8fb4de,illusion_2frames,square,green_yellow,146.0,27.70000000001164,27.89999999999418,145.70000000001164,"A yellow or orange square, which then dissapeares, and a green square appears slightly to the right of where the orange/yellow square was",Two,Nope,"God knows, movement perception?",2frames,False,False,,True,False,False,False,False
272,272,6a1d92c4c92c72064143d2b0,illusion_2frames,triangle,green_yellow,133.39999999999418,33.40000000000873,33.19999999999709,166.6999999999971,First i think i saw a yellow triangle flashing twice on the screen then it changed to a green triangle and flashed twice ,2,No but thank you,reaction times maybe,4frames_discrete,False,True,Discrete,True,False,True,True,True
273,273,6a1ee3738a9b88b534145e99,illusion_2frames,triangle,red_blue,149.8880000000063,33.29999999998836,33.39999999999418,133.20000000001164,I saw a small blue triangle that flashed up on the screen. it lasted for less than a second that vanished. ,1,no,vision? ,2frames,False,False,,True,True,False,False,False
274,274,6a2100cf1c3897567d3b0991,baseline_2frames,triangle,green_yellow,133.29999999998836,250.10000000000585,266.6000000000058,150.10000000000582,"I saw a Yellow triangle appear on the left side, then it disappeared, and a green triangle appeared on the right side then disappeared.
",1,No,"Something to do with paying attention. Like that basketball, gorilla video from a while back.",2frames,False,False,,True,True,False,False,False
275,275,573dbfc9cc30e7000dc57410,baseline_2frames,square,green_yellow,149.51600000000326,250.19999999998257,249.90000000002328,150.09999999997672,a yellow cube or square appeared to the left and a green cube or square to the right appeared a little later ,2,interesting,how we view shapes,2frames,False,False,,True,False,False,False,False
276,276,5b25740da7cee100011d884b,illusion_2frames,triangle,green_yellow,149.81000000001222,33.39999999999418,33.80000000000291,149.59999999999127,I saw 2 triangles appear yellow on the left and green on the right they appeared in that order than disappeared before the next triangle appeared.,2,,Remembering what appeared on the screen,2frames,False,False,,True,False,False,False,False
277,277,5c9697dcdd325800166f86b0,illusion_2frames,triangle,red_blue,120.0,33.0,34.0,133.0,"I saw three triangles appear and disappear very quickly, one after another. The first one was red, the last one was blue, and I think the second one was yellow- but I can't be sure.",3,No,How quickly people are able to percieve shapes,2frames,False,False,,True,False,False,False,False
278,278,5e96e85aa7f126177e00ea9f,baseline_2frames,square,red_blue,133.40000000002328,250.0,250.0,150.0,"A red square appear on the left, disappear, and then a same sized blue square appear on the right, before also disappearing.",2,,How you describe what you see,2frames,False,False,,True,False,False,False,False
279,279,5f4a7a00dc1bde60ab8f7ac5,illusion_2frames,square,red_blue,133.5,33.40000000002328,33.29999999998836,150.20000000001164,"I saw a red square appear on the left, then a blue square appear on the right. The two blinked out of existence shortly after appearing.",2,No,How people perceive different frames.,2frames,False,False,,True,False,False,False,False
280,280,5fcca7bf6a7182b003b32a36,baseline_2frames,square,green_yellow,149.93599999998696,250.0,266.6000000000058,150.10000000000582,A green square flashed very quickly. It flashed once and then disappeared. There was no background. The square was not moving.,1,,I have no idea,2frames,False,False,,True,True,False,False,False
281,281,60214feec65df50cd6837a48,baseline_2frames,square,red_blue,146.5,266.45999999999185,266.5200000000186,133.04000000000815,"An image of a red square was shown first for a brief second and disappeared, then an image of a blue square was shown for the same amount of time, then disappeared.",2,No,Retaining speed and memory.,2frames,False,False,,True,False,False,False,False
282,282,603cfe49880ceeb4bf3aa72e,baseline_2frames,square,red_blue,149.91200000001118,266.69999999998254,250.10000000000585,133.20000000001164,i saw a red square on the left of the screen flash onces and a blue square flash once on the right of the screen,2,none it was easy and simple to understabd,perception of colours,2frames,False,False,,True,False,False,False,False
283,283,60578c6bcf9ae41762bd8adb,baseline_2frames,square,red_blue,133.60000000000582,250.10000000000585,250.10000000000585,150.29999999998836,"red and blue squared flashed up on screen. The red square flashed up first on the left side of the screen and then the blue square flashed up on the right side of the screen.
",2,"good study, interesting ",colour perception and timing maybe,2frames,False,False,,True,False,False,False,False
284,284,6083f5368c421b6547fd05c1,illusion_2frames,triangle,green_yellow,133.5,33.40000000002328,33.19999999998254,150.20000000001164,a yellow triangle on the left of the image flashed before disappearing and being replaced by a green triangle on the right of the image that also flashed briefly,2,no,image animation,2frames,False,False,,True,False,False,False,False
285,285,60c076e9ce50e01ef77bdcdb,illusion_2frames,triangle,green_yellow,149.89999999999418,33.40000000002328,33.39999999999418,133.5,"A yellow and green triangle, Yellow in the left corner and green in the right. The triangles flashed. It went by very quickly; I don't think I saw anything else.  ",2,,How fast your eye coordination is. ,2frames,False,False,,True,False,False,False,False
286,286,60ddc62b071a009e0b0c2922,illusion_2frames,triangle,green_yellow,149.98600000000442,33.39999999999418,33.30000000000291,133.1999999999971,An orange triangle then moved two single spaces across to the right into a green triangle and then stopped straight after.,2,"No it was nice and quick and fun, thanks",peoples visual perception and what they can see when they are concentrating,2frames,True,True,Discrete,True,False,False,True,False
287,287,610d4df86c4abc6b5ced6fa0,illusion_2frames,square,red_blue,133.60000000000582,33.59999999999127,32.70000000001164,150.29999999998836,"I saw a red square on the left, and a blue square on the right. The red square appered first, followed in quick succession by the blue.",2,None at all,Perception?,2frames,False,False,,True,False,False,False,False
288,288,61112576c81c42b0409bd52a,illusion_2frames,triangle,green_yellow,147.30599999999686,33.19999999999709,33.10000000000582,149.79999999998836,I first saw an image of a Yellow triangle and then a green triangle. The yellow before the green. Not much more I can describe.,2,none,Testing reflexes?,2frames,False,False,,True,False,False,False,False
289,289,62a48506f3909024ebb98ea5,baseline_2frames,square,red_blue,149.23199999998906,266.8999999999942,267.4000000000233,116.69999999998254,"red square briefly appeared on the left of the screen, it disappeared, then a blue square appeared on the right side of the screen, and then that disappeared.",2,i don't know,i have no idea,2frames,False,False,,True,False,False,False,False
290,290,654cfad67f990b0393b85132,baseline_2frames,triangle,red_blue,133.20000000001164,251.69999999998257,250.80000000001743,150.5,I saw a red triangle which then disappeared followed by a blue triangle. The red triangle appeared on the left the blue one on the right.,2,Nothing to add,Maybe our perceptions of images after focusing on the red ball previously,2frames,False,False,,True,False,False,False,False
291,291,676061b0d6e01e2e9548a4b9,baseline_2frames,square,green_yellow,133.41599999999744,250.0,250.0,150.10000000000582,a yellow square flashed on the left then dissapeared which was then followed by a green square flashing on the right and then dissapearing,2,no,how fast people can see things,2frames,False,False,,True,False,False,False,False
292,292,69988bff97655dec17a0f69c,baseline_2frames,triangle,green_yellow,144.97199999997974,258.30000000001746,258.3999999999942,142.5,"a red triangle, then a green triangle flashed one one side of the screen and then the other on my compouter screen",two,no,seeing if our perceptions match what you were showing us,2frames,False,False,,True,False,False,False,False
293,293,69f2256d32190e4061c897d8,illusion_2frames,triangle,green_yellow,134.48399999999674,33.39999999999418,33.60000000000582,150.29999999998836,"I saw two triangles, one yellow and one green. They appeared one after the other, very briefly before disappearing. One was on the left hand side of the rectangle and one was on the right hand side.",2,,I am not sure!,2frames,False,False,,True,False,False,False,False
294,294,69fcbcce07252a136e52144b,baseline_2frames,triangle,red_blue,138.5280000000057,250.09999999999127,249.90000000000873,156.3000000000029,red triangle on the left hand side of the rectangle then a blue triangle on the right hand side of the rectangle,1,I don't know - what was the study?,I have absolutely no idea. Attentoin? perception?,2frames,False,False,,True,True,False,False,False
295,295,6a00e5e9deafdfa23003cacb,baseline_2frames,triangle,green_yellow,149.94000000000233,266.6999999999971,266.6000000000058,116.59999999999128,"A yellow triangle flashed on the lefthand side and then a green triangle flashed on the righhand side, they only flashed for a split second each",2,,Perception when focusing on a certain area,2frames,False,False,,True,False,False,False,False
296,296,6a19e138a8904deb31aca23a,baseline_2frames,square,green_yellow,133.5,250.29999999998836,250.20000000001164,150.20000000001164,"In the video displayed on my screen, I saw a yellow square that flashed up towards the bottom left corner of my screen. I then also saw a grey square that flashed towards the top middle of my square.",2,No,Something about a display?,4frames_discrete,False,False,,True,False,True,False,True
297,297,6a1d76bb8b67e9f450e148b1,baseline_2frames,triangle,green_yellow,149.90200000000186,266.5,266.3999999999942,116.60000000000582,I saw yellow triangle then a green triangle flash up on the screen. the yellow triangle was on the left and the green triangle was on the right. ,2,none,no idea,2frames,False,False,,True,False,False,False,False
298,298,6a1f148617273ff995df88a0,illusion_2frames,square,green_yellow,125.0,33.0,34.0,133.0,orange square on the left which disappeared and then a green square on the right appeared shortly after but quite quickly,"2
",,eye sight and saying what I saw,2frames,False,False,,True,False,False,False,False
299,299,6a44271bdfffd689f0762d81,baseline_2frames,triangle,red_blue,132.87200000000303,266.6999999999971,266.6000000000058,100.0,"A flash of a red triangle for a brief second, followed by a flash of a blue triangle for a brief second.",2,No,No idea,2frames,False,False,,True,False,False,False,False
300,300,59dd90f6e75b450001a68dac,illusion_2frames,triangle,green_yellow,133.3640000000014,33.29999999998836,33.29999999998836,150.0,"A yellow triangle first appeared on the left hand side, then it disappeared and a green triangle appeared on the right hand side, then that disappeared too.",2,,"I don't know, something to do with visual memory.",2frames,False,False,,True,False,False,False,False
301,301,5afbf02302b1b5000103e313,baseline_2frames,triangle,red_blue,133.3740000000107,266.6000000000058,266.79999999998836,150.0,"a red triangle appeared in the centre of the screen and disappeared, and then a blue triangle appeared slightly to the right and then disappeared",2,none,not sure,2frames,False,False,,True,False,False,False,False
302,302,5d766978f47e6200019a2acf,illusion_2frames,triangle,green_yellow,149.47999999998137,33.70000000001164,33.39999999999418,133.30000000001746,"first there was a yellow triangle that flashed on the left, then a green triangle flashed on the right. they flashed at separate times.",2,no,how much detail we can notice in a very short video.,2frames,False,False,,True,False,False,False,False
303,303,5ea950e4befef302772be716,illusion_2frames,square,green_yellow,149.91399999999703,33.200000000004366,33.599999999998545,133.40000000000146,I saw a couple of flasing different coloured squares. One of them was yellow and one was green and one was potentially red. ,3,No,Unsure,4frames_gradual,False,False,,True,False,True,False,False
304,304,5f620fdcc464341e830b3866,illusion_2frames,triangle,red_blue,149.89999999999418,33.5,33.20000000001164,150.10000000000582,a light red triangle on my left hand side of the screen. Then a blue triangle showed on the right hand side of the screen. They were quite small and both were upright.,2,No I think it was really interesting,I'd guess how we perceive our own eyesight maybe? Maybe some people see gaps between each image and others don't I'm not really sure.,2frames,False,False,,True,False,False,False,False
305,305,604b2da4f24a3d7a227553a0,baseline_2frames,triangle,green_yellow,133.54800000000978,266.5,266.5,150.29999999998836,"I saw a yellow triangle on the left, and a green triangle on the right. And something in the middle bottom that looked like text.",2,There should be a word counter.,Something about noticing and being able to discern things in your blindspot.,2frames,False,False,,True,False,False,False,False
306,306,605562b516e3cf830c62a216,baseline_2frames,square,green_yellow,149.97000000000116,266.5,250.0,116.69999999999708,i saw 1 yellow and one green squire in the images just presented to me i have no clue what else i could write as that iss all i saw,2,no,i have no clue,2frames,False,False,,True,False,False,False,False
307,307,60c20abfdccab926283d8f7f,illusion_2frames,triangle,red_blue,149.65800000001036,33.59999999999127,33.30000000000291,133.6999999999971,a red triangle flashed up on the screen and then a blue triangle flashed up on the screen after the red triangle disappeared,2,i think it was all okay,whether we can remember things clearly and the number of items after describing them?,2frames,False,False,,True,False,False,False,False
308,308,60e7568c4852517f1a4135a1,illusion_2frames,triangle,green_yellow,149.36599999999453,33.40000000000873,33.29999999998836,133.20000000001164,"I saw an orange triangle that flashed on the left side of the screen, then a green triangle flashed on the right hand side of the screen.",2,"No comments, thanks!",Eyesight and concentration,2frames,False,False,,True,False,False,False,False
309,309,60fdd0b4f6dd3ba555f0f9db,baseline_2frames,triangle,red_blue,149.80999999999767,250.0,250.6999999999971,149.89999999999418,I saw a red triangle appear on the left side of the area and then disappear. Then a blue triangle did the same.,2,no,no clue,2frames,False,False,,True,False,False,False,False
310,310,65e6238e5774c7e869f5defd,illusion_2frames,square,green_yellow,149.89999999999418,33.30000000000291,33.19999999999709,116.69999999999708,"A yellow block, followed by a green block, appearing in that order, in quick succession, disappearing one after the other. This occurred within just under 2 seconds.",2,"No further comments, the study was easy to understand and navigate through.",The experiment was testing my perception and attention on what I can see under a rapid timeframe.,2frames,False,False,,True,False,False,False,False
311,311,6682ac2ae129d7f95e4dace7,illusion_2frames,square,red_blue,149.42600000000675,33.19999999998254,33.5,133.20000000001164,"A blue square and a red square popped up, flashed once and disappeared quickly. It ws a very rapid movement but I saw them quite clearly",2,No comment thank you.,Sorry but I'm actually not sure.,2frames,False,False,,True,False,False,False,False
312,312,6697cf02d714e7ee3fdedcec,baseline_2frames,triangle,red_blue,149.78599999999278,250.0,250.0,166.60000000000582,"I saw a red triangle appear and then disappear on the left, and then a blue triangle appear and disappear on the right of the screen.",2,,No idea!,2frames,False,False,,True,False,False,False,False
313,313,66d076c43e5884e2da9ba056,illusion_2frames,square,red_blue,137.30000000001746,33.0,33.39999999999418,150.70000000001164,A red square starting on the left and moving towards the right and a blue square on the right hand side that stayed still,2,It seemed to work quite smoothly so not sure any adjustments are needed,I've no idea!,4frames_discrete,True,False,,True,False,True,False,True
314,314,6720fbc84253185973cbe564,baseline_2frames,square,green_yellow,149.89999999999418,250.10000000000585,250.0,133.3000000000029,A yellow square on the left then a green square on the right. They both flashed for a moment then disappeared.,2,"No, was very quick and simple!",How a momentary visual stimuli is translated into a desciption? Maybe what specifics are remembers and which are not.,2frames,False,False,,True,False,False,False,False
315,315,67a54503a9d38ce3140394eb,illusion_2frames,square,red_blue,132.5,34.29999999998836,33.29999999998836,166.20000000001164,A small red square appeared on the left hand side and then a small blue square appeared on the right hand side.,2,no comments,Something about visual perception,2frames,False,False,,True,False,False,False,False
316,316,69bfa90568c64f3e06f1a32e,baseline_2frames,square,red_blue,149.96400000000722,250.0,250.0,150.0,"A small red square flashed on the center-left of the screen, then a blue square of similar size flashed on the center-right of the screen ",2,"No, but I really hope there's a disambiguation because that last question really makes me wonder about what actually appeared vs. what I saw!",Something to do with vision and the limits of perception maybe,2frames,False,False,,True,False,False,False,False
317,317,69efb9b420360a885dd4433c,illusion_2frames,square,green_yellow,146.5399999999936,33.30000000000291,33.30000000000291,133.0,i saw some yellow and green squares which appeared to flash and then disappear again. It was just a flash of colour and shape.,2,no - i thought that was just a test so i was gearing up for another round,visual perception and suggestibility?,2frames,False,False,,True,False,False,False,False
318,318,69ff923a4a6243e697a30e45,illusion_2frames,square,red_blue,133.5,33.69999999999709,33.10000000000582,150.09999999999127,"All I saw was simply a red square, and a blue square, that's it. I didn't see anything else? The squares both moved across the screen at a medium paced speed.",2,Nope,I'm not too sure,2frames,True,False,,True,False,False,False,False
319,319,6a06c19edd2a8c493cdee676,baseline_2frames,triangle,green_yellow,133.5,250.10000000000585,250.39999999999415,150.0,"green and a yellow triangle, the green triangle first appeared on the left hand side and then one on the right hand side.",2,,Eye and perception of shapes and colors?,2frames,False,False,,True,False,False,False,False
320,320,6a076914f8806bd38284649d,baseline_2frames,triangle,green_yellow,146.59999999999127,250.0,250.0,153.5,"a yellow triangle on the left and a green triangle on the right that flashed on screen and disappeared quickly, lasting less than a second each",2,no,how quick the brain can take in information,2frames,False,False,,True,False,False,False,False
321,321,6a076f3614ab45d52ff91c51,illusion_2frames,triangle,green_yellow,145.39999999999418,27.5,27.79999999998836,152.80000000001746,"Three triangles that rapidly sped across the screen in succession (spread evenly across the display). Each had a different colour, though I only remember blue and yellow.",3,None. The experience was great.,"Uncertain, though something to do with our perception if I was to take a wild guess.",4frames_discrete,False,False,,True,False,True,False,True
322,322,6a1eba8c12fabb0fa7678822,illusion_2frames,square,red_blue,148.02000000000407,27.69999999999709,27.69999999999709,152.3399999999965,"I saw a red square on the left, followed by a blue square on the right. They flashed very quickly one by one before disappearing. ",2,No,Perception and remembrance if you write about what you saw immediately after,2frames,False,False,,True,False,False,False,False
323,323,6a25733a4ba41a83bc08c661,baseline_2frames,triangle,green_yellow,149.74199999999837,266.5,266.3999999999942,116.5,"tho triangles, an orange one and a green one. both appeared and dissappeared simultaneously. The orange triangle appeared on the bottom left side while the green triangle appeared on the right side",2,"No, all good.",To check if people can accurately describe what they see.,2frames,False,False,,True,False,False,False,False
324,324,6a46c4af0e50130ea46ff2e5,illusion_2frames,square,green_yellow,133.70000000001164,33.19999999998254,33.30000000001746,150.19999999998254,Yellow square on the left hand side and a green square on the right had side. Nothing in between the two squares,2,No,Colour Blindness,2frames,False,False,,True,False,False,False,False
325,325,56cf6e8d31a5bc0006e1cdf5,baseline_2frames,square,red_blue,136.3399999999965,250.0799999999872,250.0,150.0,"an orange square flashed on the left then a turquoise one flashed on the right. They were the same size, and about half the height of the frame.",2,"I thought I was going to get a practice run, but I didn't",observation and description,2frames,False,False,,True,False,False,False,False
326,326,58ff31a1d10e2b000108579e,illusion_2frames,square,green_yellow,141.44000000000233,33.39999999999418,33.40000000000873,133.1999999999971,A tan coloured square on the left and a green square on the right. The tan-coloured square moved rapidly to the right and then vanished.,2,,Visual perception!,2frames,True,False,,True,False,False,False,False
327,327,5c6e60b04e08ad00018cc995,illusion_2frames,square,red_blue,149.89999999999418,33.30000000001746,33.39999999999418,133.39999999999418,a red square appeared on the left and then disappeared and a blue square then appeared on the right hand side.,2,I don't think so,I am not sure,2frames,False,False,,True,False,False,False,False
328,328,5c7ceda01d2afc0001f4ad1d,baseline_2frames,triangle,red_blue,140.79999999998836,258.3999999999942,250.80000000001743,150.09999999997672,An orange triangle flashed on the left side of the screen for a fleeting moment and then disappeared. Then a blue triangle flashed on the right side of the screen for a fleeting moment and also disappeared. Then the video ended.,2,"No, everything was clear.","Something about perception, or maybe how additional information might influence our initial perception.",2frames,False,False,,True,False,False,False,False
329,329,5c852c65f8e57d00158a12ca,baseline_2frames,triangle,green_yellow,138.14000000001397,266.63999999998487,266.6600000000035,133.3399999999965,"yellow triangle on the left, this then disappeared and was followed by a green triangle on the right hand side of the image",2,,No idea,2frames,False,False,,True,False,False,False,False
330,330,5d24b405e6537c0001e131ee,illusion_2frames,triangle,red_blue,144.3000000000029,33.19999999999709,25.0,150.10000000000582,"I saw two triangles appear and dissapear before me, one was red and the other was blue. That was all i noticed during the duration of the video.",2,Not sure,Not sure,2frames,False,False,,True,False,False,False,False
331,331,5f90325ec862210945030a1c,illusion_2frames,square,red_blue,149.71799999999348,33.30000000001746,33.39999999999418,150.0,I saw a flashing red cube on the left which disappeared and then a flashing blue cube appeared on the right side.,2,,How we percieve different things that we watch and what information our brains pick up on.,2frames,False,False,,True,False,False,False,False
332,332,60c12fe6ca8c4aa6d0185190,illusion_2frames,square,green_yellow,147.6999999999971,30.599999999998545,30.0,145.8000000000029,orange square and a green square flashing. The orange square was on the left side while the green square was on the right side.,2,no,How people process visual information.,2frames,False,False,,True,False,False,False,False
333,333,60cb7b886ca0e12860f54933,baseline_2frames,square,red_blue,133.0,266.0,250.0,133.0,"I saw orange and blue squares, flashing alternately
then they stopped, I didn't see anything else, maybe it is a technical fault.",2,no,to see if people see different things,2frames,False,False,,True,False,False,False,False
334,334,62c4590804317dc197ecbe8a,baseline_2frames,triangle,red_blue,141.69999999998254,250.0,250.0,158.20000000001164,Red triangle appeared on the screen to the  left and a blue triangle appeared on the screen to the right. They appeared at different times and very quickly.,2,,Explanation from a memory.,2frames,False,False,,True,False,False,False,False
335,335,62ead0772116e6bc70b7cd09,illusion_2frames,triangle,red_blue,134.06599999999162,40.29999999998836,40.20000000001164,120.79999999998836,"a red triangle and a blue triangle that appeared at opposite ends of the screen briefly and then disappeared from view completely.
",2,"You mentioned a 'grey' square at the beginning, but the square is actually white in colour (I am not colour blind).",To check the extent or range of peropheral vision?,2frames,False,False,,True,False,False,False,False
336,336,62fccb9647eb07d62e9b6baa,illusion_2frames,triangle,red_blue,148.0,33.39999999999418,33.30000000001746,116.69999999998254,I saw a series of coloured triangles appearing from left to right of the screen    i believe tree in total .,3,none,no clue,2frames,False,False,,True,False,False,False,False
337,337,656c913082d8f0267db9ecb5,baseline_2frames,square,green_yellow,133.29999999998836,250.10000000000585,249.89999999999415,150.0,"I first saw a yellow square flash on the screen. When that disappeared, I then saw a green square flash on the screen.",2,No!,Maybe something to do with memory.,2frames,False,False,,True,False,False,False,False
338,338,66106c0aa183860531b090c3,illusion_2frames,triangle,green_yellow,141.69999999998254,25.0,25.0,150.20000000001164,I saw yellow triangles and then green triangles flash across the screen from left to right. It started eith yellow then turned to green toward the right.,3,great study,how people see images quickly,4frames_discrete,True,True,Discrete,True,False,True,True,True
339,339,667ef3c6b1ce7f18e774b31b,illusion_2frames,triangle,red_blue,138.82000000000698,33.5,34.279999999998836,132.81999999999243,I saw a red triangle and a blue one against a dark gray background. They appeared to shift before the video cut out.,2,no,eye tracking,2frames,True,False,,True,False,False,False,False
340,340,66c764bb87f9e57e31bb6901,illusion_2frames,triangle,green_yellow,149.87600000000384,33.39999999999418,33.40000000000873,133.1999999999971,"I saw a yellow triangle to the left, and a green triangle to the right.  Both of the triangles were moving.",2,Not really as I don't know what the survey was about!!,I honestly do not know,2frames,True,False,,True,False,False,False,False
341,341,672539aa74aa5a08ab440626,illusion_2frames,square,red_blue,148.20599999997648,33.30000000001746,33.39999999999418,150.70000000001164,A red and a blue square the red on the left the blue on the right.  Each flashed for a second before vanishing.,2,none,I dont know,2frames,False,False,,True,False,False,False,False
342,342,6978e94c86ef2c792e089759,baseline_2frames,square,green_yellow,149.9899999999907,250.0,250.10000000000585,166.5,There was an orange box to my left and a green box to my right. Both flashed quickly one after the other.,2,No,Not sure - concentration maybe?,2frames,False,False,,True,False,False,False,False
343,343,69e8b296cf58f745dc89bacd,illusion_2frames,triangle,green_yellow,147.7880000000005,33.39999999999418,33.30000000000291,149.8000000000029,I saw a green triangle flash on the screen and then disappear. It happened very quickly. I saw nothing else. It was bright green.,1,no,No idea,2frames,False,False,,True,True,False,False,False
344,344,69e8d5e7f1abaa500ce31a11,baseline_2frames,triangle,red_blue,144.0,255.0,250.0,150.0,I sawa a red triangle flash on the left for a second and then a blue triangle flash on the right for a second,2,no,no idea,2frames,False,False,,True,False,False,False,False
345,345,69f733b2f95f8b1c500057a1,illusion_2frames,square,green_yellow,133.63999999999942,33.0,33.70000000001164,149.1999999999971,"I saw a mustard yellow square flash briefly on the left hand side, and then a red square flash briefly on the right hand side. The background was black. ",2,"no, but i'm embarrased that i immediately forgot the colour of the square on the right hand side!",Something to do with visual perception?,2frames,False,False,,True,False,False,False,False
346,346,69fcb98e5c99f38f108f2759,illusion_2frames,square,green_yellow,133.77600000001257,33.29999999998836,33.39999999999418,149.89999999999418,I saw a yellow and a green square moving up and around the screen then disappearing out of view very quickly,2,no,How quickly somebody can retain information.,2frames,True,False,,True,False,False,False,False
347,347,6a06eef0341fc6087ddaabd3,illusion_2frames,triangle,green_yellow,133.40000000002328,33.29999999998836,33.5,150.20000000001164,A yellow triangle flashed on screen on the left first. This was followed by a green triangle on the right of the screen flashing up.,2,,Image retention/memory skills when exposed to split second imagery,2frames,False,False,,True,False,False,False,False
348,348,6a0f7f555755fb17fcc6b344,baseline_2frames,triangle,green_yellow,148.8399999999965,266.3999999999942,266.5,116.90000000000872,"A yellow triangle appeared. It disappeared. Then a green triangle appeared after it had gone away. Then it disappeared as well
",2,No,"Reaction time? 
",2frames,False,False,,True,False,False,False,False
349,349,6a1d365fc392f035a19aa23f,baseline_2frames,triangle,red_blue,149.54800000000978,266.5,250.29999999998836,150.10000000000582,a Red triangle on the left hand side of the screen and then a blue triangle on the right hand side of the screen,2,No - it was fine,I'm unsure but i'd be interested to know :),2frames,False,False,,True,False,False,False,False
350,350,560f54b3d4ab1e00126fb99f,baseline_2frames,square,red_blue,143.2600000000093,268.8999999999942,265.20000000001164,118.05999999999769,"An orange square on a left appeared and then disappeared, followed by a blue square on the right that appeared then disappeared.",2,no,some sort of perception. not sure.,2frames,False,False,,True,False,False,False,False
351,351,58f669cefb4d7500014af69b,illusion_2frames,triangle,red_blue,132.5,34.400000000001455,33.39999999999418,133.40000000000146,I saw a red triangle appear on the left of the screen and a blue triangle appear on the right of the screen.,2,No,Not sure,2frames,False,False,,True,False,False,False,False
352,352,5e7b804f9379140478c688da,illusion_2frames,square,green_yellow,147.40000000000146,30.0,30.900000000001455,145.6999999999971,one yellow square on the left then a green square on the right that is what i saw during the trial that i was doing on the study,2,nope,perception?,2frames,False,False,,True,False,False,False,False
353,353,5eb7094fbb8ed70b61398cff,illusion_2frames,triangle,green_yellow,149.8399999999965,33.39999999999418,33.60000000000582,149.6999999999971,I saw two triangles.  There was a yellow triangle on the left-hand side and a green triangle on the right-hand side of the screen.,2,No - thank you,Perception,2frames,False,False,,True,False,False,False,False
354,354,5f58e2ebb27d050941be1694,baseline_2frames,square,red_blue,149.70000000006985,266.5999999999767,266.69999999995343,116.70000000006983,a red square on the left side appeared momentarily before disappearing and then a blue square on the right side momentarily before disappearing.,2,not that I can think of,testing our recollection or perception of events.,2frames,False,False,,True,False,False,False,False
355,355,63cedafa29d08471b828a96a,illusion_2frames,square,green_yellow,133.33000000000175,33.39999999999418,33.30000000000291,150.0,A yellow square first appeared on the far left-hand side of the grey rectangle. This yellow square then disappeared and then a green square appeared on the far right-hand side of the grey rectangle.,2,Provide a character/word count that updates whilst typing. Increase the text size in the text boxes as the text is very small and difficult to read,How much detail we are able to detect in a short amount of time,2frames,False,False,,True,False,False,False,False
356,356,660d53ffb54d05e5ae6c56f2,illusion_2frames,square,red_blue,133.6999999999971,33.30000000000291,33.39999999999418,150.20000000001164,a blue square flashed onto the right side of the video immediately followed by a red square on the left side of the video then they both dissappeared,2,no issues,to see if i could describe the video that i saw.,2frames,False,False,,True,False,False,False,False
357,357,66200b032829f40f3664afdf,illusion_2frames,triangle,green_yellow,146.09999999999127,41.30000000000291,41.80000000000291,125.19999999999708,"A yellow trianngle and a green triangle flashed up on the screen one after the other. The yellow triangle was on the left, and the green one was on the right.",2,The study was great. No need to improve it!,Finding out what people's vision is capable of.,2frames,False,False,,True,False,False,False,False
358,358,6719761fc33e7e0d88199445,baseline_2frames,triangle,red_blue,141.82200000000012,250.6999999999971,250.5,150.5,"I saw one flashing red triangle on the left hand side of the screen, followed by one flashing blue triangle on the right hand side of the screen.",2,No,Peoples perceptions in short bursts,2frames,False,False,,True,False,False,False,False
359,359,6783ebc2e89b75d66d952f41,illusion_2frames,square,green_yellow,149.9100000000035,33.39999999999418,33.5,133.10000000000582,"two squares, one was green, they moved, i am unsure what colour the first square was. Possibly red. both sqaures moved left i feel.",2,No,eye co-ordination,2frames,True,False,,True,False,False,False,False
360,360,6918ad14fcfdc8ec8f99d226,illusion_2frames,triangle,green_yellow,133.5,33.29999999998836,33.40000000002328,149.89999999999418,I saw a flashing yellow and green triangle which appeared on the screen from left to right they both disappeared at verying times.,2,"No comment, thank you and best wishes on your research!",studying a persons visual field.,2frames,False,False,,True,False,False,False,False
361,361,697de59f43321b7872c7a2aa,illusion_2frames,square,red_blue,148.82399999999325,33.39999999999418,33.10000000000582,133.60000000000582,"I saw a red and blue square, red came up on the left and then the blue on the right. On and then the other, approx 1 second",2,No,"Honestly, no idea- possible reaction times or attention?",2frames,False,False,,True,False,False,False,False
362,362,698dfce6834300c78cfd4a8f,illusion_2frames,triangle,red_blue,145.73999999999796,27.79999999999563,27.70000000000437,153.0,"There was a red triangle on the left and a blue triangle on right. The middle was empty. The red triangle appeared first, the blue second.",2,Nope.,If people can visualize things timing based properly with enough detail.,2frames,False,False,,True,False,False,False,False
363,363,69ea53a90c6cacb935a68043,illusion_2frames,triangle,green_yellow,149.23400000002584,33.29999999998836,33.29999999998836,150.30000000001746,"I saw a yellow-and-green triangular shape. The yellow triangle is on the left, while the green triangle is on the right",1,no,no idea,2frames,False,False,,True,True,False,False,False
364,364,69fc2d7674f4ab68ebfd7559,illusion_2frames,triangle,red_blue,134.08599999998114,32.70000000001164,33.39999999999418,166.30000000001746,i first saw a red triangle appear on the left. it disappeared and then a blue triangle appear on the right,2,no,perception,2frames,False,False,,True,False,False,False,False
365,365,69fe015bd01f6585f9f60022,illusion_2frames,triangle,green_yellow,149.95199999999022,33.30000000001746,33.39999999999418,150.0,a small yellow and green triangle.  the yellow in the left top corner and the green in the right top corner,2,I thought the green triangle was at the top,"not a clue, my vision?",2frames,False,False,,True,False,False,False,False
366,366,69fe1bc4deb252aecfe5c9bc,illusion_2frames,triangle,green_yellow,133.7279999999737,33.4320000000007,33.4320000000007,150.4440000000177,"yellow and a green triangle, one triangle left to the side, very quick and went quite fast, one triangle stayed in place and one went off to the side",2,no i thought it was very clear,was it about eye cordination and how fast the eyes see and take in whats happening,2frames,True,False,,True,False,False,False,False
367,367,6a0309e2af24e551fbc2dfbb,baseline_2frames,triangle,red_blue,133.33400000000256,250.5,250.09999999999127,150.10000000000582,"A red triangle on the left, then a blue triangle on the right. They both flashed on the screen for a split second.",2,No it was easy to understand,"No idea, sorry",2frames,False,False,,True,False,False,False,False
368,368,6a06ef45c0e11cb2af19dcc8,baseline_2frames,square,green_yellow,149.0,250.0,250.0,134.0,"On the screen an orange square flashed up and then after it, it was closely followed by a green square flashing up",2,I have no comments ,how close attention people pay,2frames,False,False,,True,False,False,False,False
369,369,6a103c047a41b7d6a951b5df,baseline_2frames,triangle,green_yellow,139.99400000000605,280.8999999999942,281.20000000001164,93.79999999998836,2 triangles one was yellow the other green I think. There were no other shapes present. This was all I saw in the video.,2,no,visual perception at a distance of images on a screen,2frames,False,False,,True,False,False,False,False
370,370,6a108a0097959d3490916711,illusion_2frames,triangle,green_yellow,133.3000000000029,33.30000000000291,33.30000000000291,166.59999999999127,A yellow triangle flashed up on the left side of the box followed by a green triangle flashing up on the right side of the box. ,2,No comments. ,Perception of speed of flashing objects depending on distance of the user from their screen. ,2frames,False,False,,True,False,False,False,False
371,371,6a123e4874b2435cba0e8b92,illusion_2frames,triangle,red_blue,149.34799999999814,33.19999999999709,33.40000000000873,133.1999999999971,A red triangle on the left that disappeared and then a blue triangle on the right that then disappeared. I'm not sure how to say anything more than that.,2,,How many frames you catch? ,2frames,False,False,,True,False,False,False,False
372,372,6a1dfa3eaef836ebd308886e,illusion_2frames,triangle,green_yellow,148.1180000000022,33.19999999999709,33.39999999999418,149.8000000000029,I could see a moving yellow triangle and green triangle moving across the screen at the same time in the same direction.,2,Hard to describe what was shown in so many letters.,not sure,2frames,True,False,,True,False,False,False,False
373,373,6a22f7cfdebb2351a14711fe,illusion_2frames,square,red_blue,133.39999999999418,33.39999999999418,33.30000000001746,150.19999999998254,"I saw two squares appear, a red square on the left and a blue square appear on the right then disappeared",2,,Studying peoples visual perception,2frames,False,False,,True,False,False,False,False
374,374,6a2517dadd6e85c29e03e6f7,illusion_2frames,triangle,red_blue,133.38000000000466,33.33999999999651,33.31999999997788,149.98000000001048,"a red triangle appeared on the left, then disappeared and then a blue triangle to the right appeared and then disappeared  ",2,Difficult to tell to be honest ,Observational skills and subliminal advertising ,2frames,False,False,,True,False,False,False,False
375,375,58f669cefb4d7500014af69b,illusion_2frames,square,red_blue,149.0,33.5,33.60000000000582,133.1999999999971,A red square on the left and a blue square on the right hand side of the screen. They possibly might have been rectangles though.,2,No,Not sure,2frames,False,False,,True,False,False,False,False
376,376,5e2aff771df53c14b3fcff24,baseline_2frames,triangle,green_yellow,133.60000000000582,250.1999999999971,250.1999999999971,150.0,"A yellow triangle appeared, and then disappeared. Then a  green triangle appeared, and then disappeared. This all took place against a black background.",2,No.,I really have no idea! ,2frames,False,False,,True,False,False,False,False
377,377,5ff31bb30ad48b8743d2caaf,baseline_2frames,triangle,red_blue,149.7439999999915,250.20000000001164,250.09999999999127,149.60000000000582,red triangle on the left flashed up and disappeared then a blue triangle on the right did the same they were quick in their appearance. ,2,nothing to add.,what we perceive we see in a short period of time and how we can make incorrect assumptions by our eyes/mind tricking us.,2frames,False,False,,True,False,False,False,False
378,378,600b7d55f73c7915c80a61e2,baseline_2frames,triangle,red_blue,138.11999999999534,250.17999999999304,250.17999999999304,150.10000000003492,"A red triangle flashed on the left, followed by a blue triangle flashing on the right. Not much else to say. It was pretty fast",2,Not really,"To see how people describe what they see, and if they can follow things in a small space",2frames,False,False,,True,False,False,False,False
379,379,60b8e84804e38fb3c6b5b153,illusion_2frames,square,green_yellow,149.8060000000114,33.39999999999418,33.39999999999418,133.20000000001164,"I saw a yellow square box on the left side that disappeared, and a green square box appeared on the left.",2,No,Checking our vision,2frames,False,False,,True,False,False,False,False
380,380,62b44f66a16d45783569fad6,illusion_2frames,square,green_yellow,149.5399999999936,33.5,33.20000000001164,133.79999999998836,I saw a yellow square on the left jump across and become a green square on the right. This happened very quickly and there was nothing else present or happening.,2,All good thanks!,Maybe how people perceive movement of shapes?,2frames,True,True,Discrete,True,False,False,True,False
381,381,6361bfe81e0da4a406b33f1e,baseline_2frames,square,red_blue,149.3399999999965,250.2600000000093,250.2399999999907,145.98000000001048,I first saw a red square flash on the screen on the left side of the rectangle followed by a flashing blue square on the right side.,2,"No further comments, glad to be a part of the study. Thanks!",How many frames we can or can't see when they are displayed fast.,2frames,False,False,,True,False,False,False,False
382,382,63d1c3aec175ba81e9f50cf9,baseline_2frames,triangle,red_blue,146.90600000000268,254.59999999999857,254.5,145.40000000000146,"I saw one red triangle followed by one blue triangle, one after the other. They were quite small. They were opaque with the colours. ",2,,How quickly we process information,2frames,False,False,,True,False,False,False,False
383,383,66deb0ffee8bd891e059b4aa,illusion_2frames,triangle,green_yellow,133.45999999999185,33.30000000001746,33.29999999998836,150.0,a yellow triangle and a green triangle. The yellow triangle appeared on the left side of the grey box first and then disappeared. Then the green triangle appeared on the right side of the grey box and then disappeared.,2,,Paying attention and how quickly you can make sense of shapes?,2frames,False,False,,True,False,False,False,False
384,384,66e0184c55c6299d2c7c0101,illusion_2frames,square,green_yellow,149.87799999999697,33.60000000000582,32.89999999999418,133.60000000000582,I saw a yellow square flash to the left of the area followed by a green square flash to the right of the area.,2,Nothing,Observational skills,4frames_gradual,False,False,,True,False,True,False,False
385,385,6730f965beb7513190d2be93,baseline_2frames,triangle,red_blue,147.20000000001164,251.5,249.29999999998836,150.90000000002328,a green triangle and a red triangle one on each side of the rectangle. There was nothing in between them .,2,it was very engaging ,colour and spacial awareness,2frames,False,False,,True,False,False,False,False
386,386,676ca3da9773676ad989ef10,illusion_2frames,square,green_yellow,145.5,30.29999999998836,30.39999999999418,145.5,I saw yellow and green squares. I think the yellow square was on the left and green square was on the right,2,No comments,I am not sure actually,2frames,False,False,,True,False,False,False,False
387,387,676dda3c675b4d515d06c81e,illusion_2frames,triangle,green_yellow,144.32000000000698,33.23999999999069,33.23999999999069,132.96000000002095,yellow triangle first appeared on the left and then  a green triangle appeared on the right side. The yellow triangle disappeared.,2,no thank you,short term memory recall and peripheral vision  ,2frames,False,False,,True,False,False,False,False
388,388,698610aa74ee7f24df0e261d,illusion_2frames,square,green_yellow,149.56599999999162,33.5,33.10000000000582,117.0,While I stared at the screen focused intently I saw a bright yellow square flash on the screen and then a neon green square flashed directly behind it. ,2,no,Peripheral vision,2frames,False,False,,True,False,False,False,False
389,389,69ac80094c5494db959077d6,baseline_2frames,triangle,green_yellow,149.88400000000547,265.8999999999942,250.60000000000585,133.59999999999127,"A yellow triangle flashed briefly and then a green triangle flashed briefly, this doesn't warrant more than 20 words. There's nothing else to describe.",2,I don't see how more than 20 words could be justified for a simple 2 frame video?,Not sure.,2frames,False,False,,True,False,False,False,False
390,390,69e0d7dc20fdcf87453cf9bf,illusion_2frames,triangle,green_yellow,149.8739999999816,33.5,33.30000000001746,133.19999999998254,"There was a Yellow triangle and red triangle moving quickly across the rectangle space. It was moving fast so maybe i got the red color wrong


",2,No,Dont know. Looks like an eye test,2frames,True,False,,True,False,False,False,False
391,391,69efbf25ced2d080cad5a7ca,baseline_2frames,triangle,red_blue,133.5,250.29999999998836,250.20000000001164,150.1999999999971,A small red triangle flashed first then blue triangle flashing on screen on a black screen only for a few seconds at a time.,2,Not applicable,attention and memory test,2frames,False,False,,True,False,False,False,False
392,392,69f07fc7acc7ac05a485da7b,baseline_2frames,triangle,red_blue,141.0,250.0,250.0,150.0,Blue and red triangles that appeared at different times spaced evenly apart for a brief period of time. They then disappeared from the screen in front of me.,2,It was good,eye movement,2frames,False,False,,True,False,False,False,False
393,393,69f157ca46c5bfa7f87cd82c,illusion_2frames,square,green_yellow,135.3399999999674,33.300000000046566,33.29999999998836,150.0,I saw a brief flash of a few shapes. I believe it was a green square followed by a yellow square. There may have been one more square at the end but my brain did not catch it. ,2,I thought it was practice round? I thought I had read that in the instructions? Might have been my mistake. ,Recalling shapes and colours?,2frames,False,False,,True,False,False,False,False
394,394,69f4765b9bfd320086f11f14,illusion_2frames,square,green_yellow,149.44999999998254,33.5,33.20000000001164,133.10000000000582,"three squares pop up, first a red one on the right, then another colour in the middle, then a green one on the end",3,no,something to do with eyesight and colour,4frames_gradual,False,False,,True,False,True,False,False
395,395,6a012c1cbb725fe5329c2720,illusion_2frames,square,red_blue,149.48400000002584,33.29999999998836,33.39999999999418,133.39999999999418,"one red square on the left appeared for a moment, then that square dissapeared and a blue square appeared for a moment and disappeared.",2,,memory?,2frames,False,False,,True,False,False,False,False
396,396,6a08c850e3be322170e22d6f,baseline_2frames,triangle,red_blue,149.9320000000007,249.89999999999415,266.6000000000058,133.39999999999418,"I saw a small red triangle on the left hand side which flashed and then disappeared, and then a similar blue triangle which flashed and disappeared on the right hand side.",2,No comments,Possibly something to do with peripheral vision?,2frames,False,False,,True,False,False,False,False
397,397,6a09d2e155a3647e76e665e1,illusion_2frames,triangle,green_yellow,133.77100000000792,33.33400000000256,33.33399999997346,150.00300000002608,"A yellow triangle on the left side of the visual field, followed by a green triangle on the right side of the visual field",2,,"It seems that it had something to do with visual perception, and the extent to which the brain perhaps fills in information beyond what the eye actually sees",2frames,False,False,,True,False,False,False,False
398,398,6a0db2c3a8a23f8f5f49aa7f,illusion_2frames,square,red_blue,149.93999999998778,33.80000000000291,33.19999999999709,150.0,"I saw a red square flash up on the left and then a blue square flash up to the right of that, about 2 inches away.",2,No,People's ability to concentrate and notice information quickly,2frames,False,False,,True,False,False,False,False
399,399,6a1ec9f0bcdd976510c2af44,baseline_2frames,triangle,green_yellow,134.80000000001746,250.0,250.39999999999415,150.10000000000582,"A yellow triangle flashed up on the left side of the screen before vanishing, then a green triangle flashed up on the right side of the screen",1,,Distance from screens and reaction times,2frames,False,False,,True,True,False,False,False
400,0,563a3788be9cac0011aaafac,phi_2frames,triangle,green,149.89999999999418,25.0,25.0,150.0,There was a green triangle that flashed on the screen.  The triangle flashed on the left side then slightly to the right of the last position then to the right side of the viewing area.,3,Maybe have a character counter when inputting the written response.,"I think the experiment was about how quick your eyes pick up on objects and how your brain recognizes something, even when they briefly appear.",discrete_4frames,False,,,True,False,True,False,False
401,1,571b3de05d40840013c49f3a,phi_2frames,square,green,141.6999999999971,24.10000000000582,34.19999999999709,157.89999999999418,"two green squares, one on the left and then on the right. It may have been the same green square as they were not on screen at the same time.",2,none,judgement of distance or movement?,motion_4frames,False,,,True,False,True,False,False
402,2,573c6b96b3a71f00146df8c4,phi_2frames,square,blue,149.90000000000873,33.30000000000291,33.29999999998836,133.3000000000029,"I saw 2 blue squares that were positioned about 1 centimetre apart from eachother. There was nothing else that I noticed, it was just 2 blue squares next to eachother.",2,,Perception of shapes based on distance.,2frames,False,,,True,False,False,False,False
403,3,5755c957eb80c4000741a9ce,phi_2frames,square,yellow,133.3000000000029,33.40000000000873,33.19999999999709,150.0,"There was a dull yellow square that briefly blinked in on the left side, then it blinked out and reappeared on the right side. ",2,Nope,I've no idea,2frames,False,,,True,False,False,False,False
404,4,57b4face0fc08b00019fe2fe,phi_2frames,square,red,144.98000000001048,33.29999999998836,33.29999999998836,149.86000000001513,"A red square appeared for a moment on the left of the area that had been indicated. After it disappeared, it reappeared again on the right side of the area for a moment.",2,No,"I think perhaps something else may have appeared on the screen outside of the box, and it might have been to test whether we noticed it (if that's what happened, I did not notice anything else on the screen).",2frames,False,,,True,False,False,False,False
405,5,57c426fa9fe51d00012391f1,phi_2frames,triangle,green,133.88399999996182,33.29999999998836,33.40000000002328,149.90000000002328,"I saw two green triangles flashing inside the grey rectangle in a random movement , they were positioned one towards the centre of the rectangle and one towards the upper right",2,none,peripheral vision?,2frames,True,,,True,False,False,False,False
406,6,587b38ec3962c30001276c81,phi_2frames,square,red,149.60999999998603,33.70000000001164,33.69999999998254,132.80000000001746,"I saw two identical red squares, both within the rectangle. One on the left of the rectangle and one on the right.",1,It may be made a little clearer as the explanations are a little vague.,I have no idea,motion_4frames,False,,,True,True,True,False,False
407,7,596e1cc639e9d00001b7bb84,phi_2frames,triangle,red,148.9820000000036,33.30000000000291,33.29999999998836,133.20000000001164,A flashing red triangle moves from the centre of the screen to the stop at the screen back to the Center of the screen,Three,No,I do not know,discrete_4frames,True,,,True,False,True,False,False
408,8,598afb77600a7a00018fabd7,phi_2frames,square,yellow,149.94000000000233,33.30000000000291,33.39999999999418,133.3000000000029,"I saw three yellow squares that moved quickly from the left hand side of the rectangle to the right, the first square appeared on the left as soon as I pressed the continue button",3,No,Speed of visual processing,motion_4frames,True,,,True,False,True,False,False
409,9,598b108e504c5200011964a1,phi_2frames,square,red,141.60000000000582,25.09999999999127,24.90000000000873,158.39999999999418,"Two red squares. First, one appeared on the left side and then it disappeared and then it reappeared on the right side.  ",2,None ,To see how quickly we can perceive movement? ,2frames,False,,,True,False,False,False,False
410,10,59dc924bbe399f0001e495f2,phi_2frames,triangle,green,133.32000000000698,33.29999999998836,33.39999999999418,149.90000000002328,"2 green triangles appearing one after the other on different parts of the window, first on the left and then further to the right",2,,no idea,2frames,False,,,True,False,False,False,False
411,11,59e71a3b1ac65d0001eb47ac,phi_2frames,triangle,blue,133.3000000000029,33.40000000000873,33.39999999999418,149.89999999999418,I saw a blue triangle that started at the left hand side and then moved very quickly over to the right hand side,1,no,no idea,2frames,True,,,True,True,False,False,False
412,12,5a145bbb9b760100013a7faf,phi_2frames,square,yellow,133.54000000000815,33.29999999998836,33.39999999999418,149.89999999999418,"I saw two orange squares that popped up. An orange square on the left appeared first then disappeared, then the right square appeared and disappeared",2,No,Not sure,2frames,False,,,True,False,False,False,False
413,13,5a47473899311d0001df550e,phi_2frames,square,red,134.1999999999971,32.80000000000291,33.29999999998836,150.70000000001164,"I saw two red squares appear then disappear, first one on the left hand side of the rectangle, then on the right.",2,Not that I can think of,"Absolutely no idea, sorry",2frames,False,,,True,False,False,False,False
414,14,5a4a5db666e7880001de6366,phi_2frames,square,blue,133.2119999999995,33.29999999998836,33.5,149.79999999998836,"Two blue squares momentarily appeared then disappeared, they jumped quickly before disappearing, it was all very quick so not sure which side they jumped to I think it may have been the right",2,No comment,Perceptions,2frames,True,,,True,False,False,False,False
415,15,5a59c1dfeedc32000142835a,phi_2frames,square,blue,148.59999999999127,33.30000000000291,33.40000000000873,133.0,Two blue squares moving around the screen and changing places with each other. They moved reasonably quickly and it wasn't easy to concentrate on their precise movements. Not sure that there is much more that I can say about it!,2,No,NO idea,2frames,True,,,True,False,False,False,False
416,16,5a7226d9f660ae0001a9a547,phi_2frames,square,red,133.67600000000675,33.30000000000291,33.29999999998836,150.0,"I saw two red squares. At first one red square flashed up on the left side of the screen. Following that, a further red square flashed up on the right side of the screen.",2,N/a,To see how people remember things when shown multiple options or how people describe things ,2frames,False,,,True,False,False,False,False
417,17,5a9ebcc11eda410001368d0c,phi_2frames,triangle,blue,133.20799999998417,33.40000000002328,33.5,149.79999999998836,two blue triangles flashing briefly on the screen. One was on the left and one was on the right. They were visible one after the other.,2,no,not sure,discrete_4frames,False,,,True,False,True,False,False
418,18,5ab94e8cf69e940001d8fd25,phi_2frames,triangle,yellow,148.94400000000314,33.29999999998836,33.30000000000291,133.5,"I saw two yellow triangles on the screen. One popped up on the right hand side first, and then the other one popped up on the left hand side.",2,,How quickly we could see something,2frames,False,,,True,False,False,False,False
419,19,5b564680ed90280001510d9a,phi_2frames,square,red,145.31999999999243,33.33999999999651,33.34000000001106,133.31999999999243,"I saw two red squares, one on the left, and the a bit later, one on the right, side of the box.  Other than that, I didn't see anything else.",2,Not at the moment.,How respondents are able to perceive short framed videos.,2frames,False,,,True,False,False,False,False
420,20,5ba22638474398000172c47b,phi_2frames,square,green,149.96800000000803,33.39999999999418,33.30000000000291,133.3000000000029,"2 green squares flash on screen, right then left first. There was a large gap between them and it didn;t travel that gap",2,,perception?,2frames,False,,,True,False,False,False,False
421,21,5ba94943d08ab20001c8437a,phi_2frames,triangle,blue,149.89999999999418,33.80000000000291,33.30000000000291,132.89999999999418,"I saw two blue triangles, both flashed at seperate times. The first was the left hand side and then the second was the right hand side.",2,no thank you,our visiual perception,2frames,False,,,True,False,False,False,False
422,22,5c01758473cbae00010f654a,phi_2frames,triangle,red,144.55999999999767,33.38000000000466,33.360000000015134,133.45999999999185,"two orange triangles bouncing around from side to side Both were the same colour and shape. They moved across teh screen.

",2,no,concentration,2frames,True,,,True,False,False,False,False
423,23,5c0cb29e1b80df00017843d2,phi_2frames,square,green,149.84600000001956,33.399999999965075,33.40000000002328,133.29999999998836,"Something green, not so clear. It disappeared at the end. It looked like a square. It could have been a rectangle too.",1,no,checking eyesight,2frames,False,,,True,True,False,False,False
424,24,5c2d0d21e263990001799ef3,phi_2frames,triangle,green,149.90000000000873,33.29999999998836,33.30000000000291,133.40000000000873,"Two equally sized, bright green triangles. Frist one of the left which disappeared, just as one on the right then appeared. ",one,,How quickly peoples eyes respond to movement ,2frames,False,,,True,False,False,False,False
425,25,5c3e562ebff5620001e34dd5,phi_2frames,square,yellow,145.61999999999534,33.33999999999651,33.33999999999651,133.32000000000698,"A yellow square flashed up on the left, then a second yellow square flashed up on the right, in quick succession.",2,no,no idea,2frames,False,,,True,False,False,False,False
426,26,5c4782d9cae0ab000188d2b4,phi_2frames,square,yellow,149.89999999999418,33.5,33.39999999999418,133.10000000000582,"I saw 2 orange squares appear, first one appeared on the left side and then it appeared on the right side, it appeared that one on the left jumped to the right ",2,No everything seemed to work well,how accurate I could be with a visual concept of movement and patterns within a small time frame? ,2frames,True,,,True,False,False,False,False
427,27,5d3221b8eb6cfa0001950113,phi_2frames,triangle,blue,149.84799999999814,33.19999999999709,33.5,133.3000000000029,Blue Triangles.  I'm not sure if it was the same one moving across the box or if it was more than one blinking.  The movement was from left to right and went very quickly,3,"No comments, good luck with your study!",Our perception of movement?,discrete_4frames,True,,,True,False,True,False,False
428,28,5d94ce7b72b4550016906484,phi_2frames,square,red,149.39999999999418,33.60000000000582,33.39999999999418,150.0,i just saw a red square flash up then i think another one flashed up very quickly too. it was too quick to tell,2,no,unsure,2frames,False,,,True,False,False,False,False
429,29,5da18dd5f362630015ee5f72,phi_2frames,square,yellow,147.89999999999418,33.30000000000291,33.19999999999709,133.10000000000582,"a sequence of yellow squares that are played in flashing sequence from left to right across the screen, the squares flash up rapidly",2,no,perception,2frames,False,,,True,False,False,False,False
430,30,5e0efd517adf4b61a5d1c34a,phi_2frames,square,yellow,149.94000000000233,33.39999999999418,33.40000000000873,133.3000000000029,"two orange squares, the first one flashed on the left side of the screen and then another on the right side of the screen",2,none,I don't know,discrete_4frames,False,,,True,False,True,False,False
431,31,5e2df53ff420f03dee6a87b7,phi_2frames,triangle,yellow,146.70000000001164,26.699999999982538,26.70000000001164,133.39999999999418,two small yellow triangles flash across the screen from left to right in quick succession they did not last long and appeared one by one,1,,unsure,2frames,False,,,True,True,False,False,False
432,32,5ea0b2cbf710490ac2644b7e,phi_2frames,triangle,blue,148.55199999999604,33.70000000001164,33.29999999998836,149.60000000000582,a blue triangle on the left hand side and another blue triangle on the right the rest of the screen was blank,2,no,observation,2frames,False,,,True,False,False,False,False
433,33,5ee4aab1232e9d1b4d791bae,phi_2frames,square,blue,148.85199999999895,33.19999999999709,33.400000000001455,133.0,A small grey box flashed upon the screen but no additional video outside of this small grey box flashing up on the screen. Not sure if that was by design or a technical issue.,1,,Honestly not a clue as the video was so short I could not really intelligently comprehend anything.,2frames,False,,,True,True,False,False,False
434,34,5eeb2b8a36774c27657f227c,phi_2frames,triangle,blue,143.0,33.30000000001746,33.29999999998836,149.89999999999418,"A blue triangle appeared on the left, disappeared and then re-appeared on the right. It may have flashed briefly in the middle but I can't be sure.",3,No,"No Idea, peripheral vision??",2frames,False,,,True,False,False,False,False
435,35,5f392fae9168cc472f0468f6,phi_2frames,triangle,green,149.79999999998836,33.39999999999418,33.40000000002328,133.19999999998254,"I saw one or more green triangles appear and disappearr or one triangle move across the screen. It appeared on the left first, then in the middle and then on the right.",3,No,Something to do with percieving moving images.,discrete_4frames,True,,,True,False,True,False,False
436,36,5f3d429e599d9708bd5ffb2c,phi_2frames,square,yellow,133.82399999999325,32.89999999999418,33.30000000000291,150.0,two yellow squares. one flashed in the left and one flashed in the right.  there was nothing else to be seen,2,no,perception,2frames,False,,,True,False,False,False,False
437,37,5f3ec93efbd299158253f283,phi_2frames,triangle,blue,138.3000000000029,33.5,33.5,150.6999999999971,i saw two blue triangles appear on the screen. they flashed briefly on screen and then disappeared in to the darkness of the black backgound.,2,no,not sure,2frames,False,,,True,False,False,False,False
438,38,5f44021f15c23f6e8e413b91,phi_2frames,square,green,149.79999999998836,33.29999999998836,33.5,133.40000000002328,WHAT I SAW WAS TWO GREEN SQUARES THAT FLASHED IN SQENACE ONE AFTER THE OFTER THEN IT STOPPED AND I HAD TO ANSWER THIS QUESTION,2,LESS WORDS,DONT KNOW,2frames,False,,,True,False,False,False,False
439,39,5f58d0f9a1593b0660e2797a,phi_2frames,square,red,149.8000000000029,33.0,33.5,133.5,two oragney red squares moving from the centre to the side. they were slower than I thought. that is all i saw,2,na,Honeslty no idea,2frames,True,,,True,False,False,False,False
440,40,5f61ba7cfdaccd165da6985b,phi_2frames,triangle,yellow,149.60000000000582,66.70000000001164,66.69999999998254,66.60000000000582,"I saw a series of yellow triangles phasing in from left to right. They blinked in and blinked out of existence as they ""moved""",4 triangles,No,vision,discrete_4frames,True,,,True,False,True,False,False
441,41,5f6f3b4884cdf34934e9db6f,phi_2frames,square,yellow,149.87799999999697,33.39999999999418,33.40000000000873,133.39999999999418,"Two yellow squares one on the left and one on the right moving from side to side, they went from side to side and then disappeared",2,nothing,vision and seeing if you could visualize the sequence of moving shapes,2frames,True,,,True,False,False,False,False
442,42,5fa4faf94527261b54915c03,phi_2frames,triangle,blue,136.70000000001164,33.79999999998836,33.5,150.39999999999418,I saw a triangle and this triangle was blue in colour. This exercise wants me to type what I saw and this is what I saw.,1,no,I think it was a memory challenge,2frames,False,,,True,True,False,False,False
443,43,5fc02b9748257b49041566e5,phi_2frames,triangle,green,131.54000000000815,99.97999999998136,33.320000000006985,83.33999999999651,"bright green triangles pointing upwarss. each as maybe 5-10 cm in height, they were equilateral triangles. the first one was just to the left of centre of the sxcrren, then it diasppeared and another appeared to the right and up slightly. that one was present for a shroter time period, then another appeared above it as it faded. this happened once more, for a total of 4 triangles, each on the screen for a fraction of a second",4,nope! it was fun,something to do ith how many shapes you see when youre focuing on a specific area?,discrete_4frames,False,,,True,False,True,False,False
444,44,604fa685e33606f9a0ee8189,phi_2frames,triangle,red,149.8000000000029,33.30000000000291,33.30000000000291,133.5,"♡ i saw a triangle moving from left to right and it was red in colour, it seemed to move really rapidly and fast ♡ 𝗑",2,"♡ no issues, thank you so much ♡ 𝗑",♡ perception of reliable memory on fast moving objects ♡ 𝗑,motion_4frames,True,,,True,False,True,False,False
445,45,6054ce9cd4e5c96ab84e9113,phi_2frames,triangle,blue,149.48199999995995,33.100000000034925,33.399999999965075,133.5," I saw two blue triangles.  one appearing after the other, The first triangle appeared in the middle of the grey box that was displayed but the second triangle looked like it appeared far left from the grey box and both the triangles appeared in split seconds  ",2,,What different people think about the same thing ,discrete_4frames,False,,,True,False,True,False,False
446,46,6065a8becc1f681d7a36115e,phi_2frames,square,blue,146.44000000000233,33.5,33.399999999965075,133.60000000003492,i saw 2 small blue squares moving from left to the righ of the screen t side inside the grey rectangle,2,no,AI training,2frames,True,,,True,False,False,False,False
448,48,60b6245e249c0b94ab54dd2e,phi_2frames,triangle,red,149.5,33.30000000001746,33.29999999998836,132.80000000001746,"The video shows two triangles that are red; the first one was on the left, then on the right. They both flicked past and were not shown at the same time.",2,,I am not sure what this is about.But I think it may be linked to visuals and eye sight.,2frames,False,,,True,False,False,False,False
449,49,60c969c12749ced10866921d,phi_2frames,square,blue,149.80000000001746,33.29999999998836,33.5,116.39999999999418,I saw 2 blue squares quickly flash at various points on the screen.  They were on the screen very briefly.  I don't know what else to say.,2,"No, I don't really know you were looking for.",No idea.,2frames,False,,,True,False,False,False,False
450,50,60ce6af707bcd42cbc885210,phi_2frames,triangle,green,141.01999999998952,33.320000000006985,33.05999999999767,149.86000000001513,I saw several green triangles towards the left of the screen but something amber flashed on the middle to upper right side of the screen.,4,no,concentration and field of vision.,discrete_4frames,False,,,True,False,True,False,False
451,51,60d2fdf44a025ffbad692f61,phi_2frames,triangle,blue,144.8399999999965,33.320000000006985,33.31999999999243,133.2600000000093,"two blue triangles, one on the left and then one on the right side of the box, space I'm between the triangles ",2,No,not sure,discrete_4frames,False,,,True,False,True,False,False
452,52,61002b95d3b31b9a98e15b83,phi_2frames,square,blue,133.25,32.60000000000582,33.20000000001164,167.5,"I saw two blue squares. The square on the left showed up first, followed by the square on the right. The square on the left disappeared right after it was shown.",2,study was great and easy to understand,whether people can explain what they saw.,2frames,False,,,True,False,False,False,False
453,53,613bae70cab01ced932e5e9f,phi_2frames,triangle,blue,125.0,33.39999999999418,33.39999999999418,133.10000000000582,"Two blue triangles flashed up, each shown one at a time, one on the left followed by one on the right.",2,,Visual perception,2frames,False,,,True,False,False,False,False
454,54,613dd5fb512aabe8d5d32393,phi_2frames,triangle,red,149.8000000000029,33.39999999999418,33.40000000000873,116.89999999999418,"I saw two triangles, one red triangle on the right then one on the left before they disappeared off the screen together ",2,No comments ,No idea ,2frames,False,,,True,False,False,False,False
455,55,6156fe57a77ed18bda735726,phi_2frames,triangle,yellow,133.29999999998836,33.39999999999418,33.30000000001746,150.0,All I saw was two mustard coloured triangles. One appeared on the left and then a second one appeared on the right hand side. That's what I saw. ,2,More cash setup was a pain,Attention checking.,2frames,False,,,True,False,False,False,False
456,56,62a8e8d53d81e31a0c0331d3,phi_2frames,square,blue,133.7399999999907,33.40000000000873,33.30000000000291,150.0,a blue square moving on the screen it jumped from right to left then diapeared out of my vision so I could no longer see it,3,none,to test our vision,2frames,True,,,True,False,False,False,False
457,57,62c3430ae19d78462af9e743,phi_2frames,square,red,145.81999999999243,27.779999999998836,27.780000000013388,145.8399999999965,A red square that started out on the left side of the area and disappeared and reappeared moving to the right.,1,No,People's vision.,motion_4frames,True,,,True,True,True,False,False
458,58,62f3b543dce069211e8e982c,phi_2frames,square,green,134.89999999999418,32.70000000001164,34.0,150.39999999999418,"A green rectangle on the left, which then disappeared, followed by a green rectangle on the right of the screen. Then this rectangle disappeared too",2,,I honestly don't know!,2frames,False,,,True,False,False,False,False
459,59,62fd14d7b1e0729dc8aadb79,phi_2frames,square,blue,149.44600000000355,33.299999999995634,33.30000000000291,133.40000000000146,"a blue square appeared on the left hand side, then reappeared on the right hand side. It did not fade in or out, it disappeared and reappeared sharply",2,"None, thank you","How we focus on objects depending on their relative distance to either our left or right eye. Something about ""dominant eyes"" - not sure!",2frames,False,,,True,False,False,False,False
460,60,63207e25241a6fad058a6a2a,phi_2frames,square,green,136.63999999999942,33.34000000001106,33.33999999999651,133.31999999999243,"A green square, it flashed in 2 or 3 locations, it first appeared at the far left of the area, it last appeared at the far right of the area. It may have appeared close to the right end inbetween.",2,no,don't know,2frames,False,,,True,False,False,False,False
461,61,63a7036757c246aaa3ad90f5,phi_2frames,triangle,red,133.29999999998836,33.40000000000873,33.19999999999709,150.0,2 red triangles within the grey triangular area. They were moving all over the screen. You had to concentrate to see them,2,no,no idea,2frames,True,,,True,False,False,False,False
462,62,63dacd0c56169ef0c332c1c5,phi_2frames,square,yellow,133.04000000000815,33.60000000000582,33.29999999998836,150.0,I saw a number of yellow or orange squares moving in the box. I do not know how many I saw. They moved quickly.,1,no,no idea,motion_4frames,True,,,True,True,True,False,False
463,63,63ed4ffc9e011d70035477c5,phi_2frames,square,blue,138.02000000001863,33.339999999967404,33.320000000006985,149.97999999998137,I saw two blue square shapes appear from let then right. The shape seems to have appeared in a few seconds interval.,1,,,2frames,False,,,True,True,False,False,False
464,64,6467ff833cb33014782d06fd,phi_2frames,triangle,green,141.10000000000582,24.5,34.30000000001746,150.09999999997672,Noticed a green coloured triangle that seemed to show up several times during the video shown.   Was only on the screen for a few seconds,1,Maybe a couple more video examples,"Not really sure, some sort of visual acuity test perhaps",2frames,False,,,True,True,False,False,False
465,65,649ed52c6deb05c245aa42db,phi_2frames,square,green,133.10000000000582,36.39999999999418,30.30000000000291,133.5,I saw initially a green square appear on the left. Shortly after I saw a slightly lighter green square appear on the right. Both squares appeared to be within the same area as indicated before the video began.,2,No issues with study.,Something to do with perception of visuals,2frames,False,,,True,False,False,False,False
466,66,650aed4bc8f77b094031b0e5,phi_2frames,square,yellow,149.70000000001164,33.39999999999418,33.39999999999418,133.5,two orange squares that flashed. there wasn't much else to comment on. They were in the center of the screen. They flashed at different times- one then the other,2,Oh is that the study- I thought it was a practise!,I have no idea what it was measuring!,discrete_4frames,False,,,True,False,True,False,False
467,67,652408b110c19343a504c45a,phi_2frames,square,blue,149.85599999999977,33.30000000001746,33.29999999998836,133.39999999999418,2 blue boxes that were positioned at the upper right and left hand corners and seemed to be a little jumpy,2,no,no,2frames,False,,,True,False,False,False,False
468,68,659deb38c2d44ac89a12c1c4,phi_2frames,square,green,133.40000000000873,33.39999999999418,33.39999999999418,149.0,"A green square flashing up briefly on the left, then on the right side of the rectangle area. They were not present at the same time.",2,No,Depth perception,2frames,False,,,True,False,False,False,False
469,69,65feaaac53eb219f09ad5ea0,phi_2frames,triangle,blue,149.5,33.5,33.40000000002328,133.5,"I saw two triangles, one triangle at a time. The first one appeared on the left briefly and then the other appeared on the right immediately after the left one.",2,The study was good.,How people perceive visual stimuli,2frames,False,,,True,False,False,False,False
470,70,66019f5e10adbe524f2a844a,phi_2frames,square,blue,134.8000000000029,33.09999999999127,33.30000000000291,133.6999999999971,there were two blue square blocks they were on either side of the screen and moved over and back and then disappeared,2,no thanks,i dont know to be honest,discrete_4frames,True,,,True,False,True,False,False
471,71,660eb0b257ea5439cd5e020a,phi_2frames,triangle,blue,133.0,33.0,34.0,134.0,"I saw a triangle moving across the screen from left to right, I saw three triangles in all, all blue triangles",3,no,if your brain figured out what was going on quickly,motion_4frames,True,,,True,False,True,False,False
472,72,6645f995e0681bc0c887d5a5,phi_2frames,square,blue,149.83600000001024,33.399999999965075,33.40000000002328,133.29999999998836,I saw two blue squares appear first one was on the left and last was on the right. they were only on the screen for a very short period of time,2,No,visual memory and how while I could describe what I saw,2frames,False,,,True,False,False,False,False
473,73,668a19f1edd91f3ef0a55fe2,phi_2frames,triangle,green,133.09999999997672,32.100000000034925,35.09999999997672,148.40000000002328,It was too fast i could not see anything.I guess it is the same small green triangle. it appeared three time in three different locations,1,None for now,I sincerely do not have an idea,discrete_4frames,False,,,True,True,True,False,False
474,74,6691641b6724549f46d3d8d3,phi_2frames,square,yellow,133.29999999998836,33.40000000000873,33.39999999999418,150.1999999999971,"i saw two yellow squares and it skipped the middle and moved from left to right. It moved very fast as well, surely have to pay attention or it would be missed.",2,,Unsure,2frames,True,,,True,False,False,False,False
475,75,669533c82c03a4d6320159d3,phi_2frames,triangle,blue,133.39999999999418,33.30000000001746,33.29999999998836,149.70000000001164,two blue triangle that popped on screen one after the other and then disappeared one after the other. They had space between them.,2,nothing to add,"not sure, working memory i guess",discrete_4frames,False,,,True,False,True,False,False
476,76,669822e8dc9cf1a2a30dc3e5,phi_2frames,triangle,green,149.0,33.0,35.0,99.0,I saw a green triangle that moved from a position slightly to the left over to the right hand side. It flashed and then disappeared before moving.,3,No,Visual perception,discrete_4frames,True,,,True,False,True,False,False
477,77,669b8df6463407058421a75d,phi_2frames,square,red,140.79999999998836,28.0,35.10000000000582,131.39999999999418,"I saw three red squares, blinking one after the other. The first square started from the left side of the rectangle, then the second appeared after in another position, then the third in another",3,not sure because i'm not sure what it was about!,visual perception in a small area of the screen,discrete_4frames,False,,,True,False,True,False,False
478,78,66b792a09354b3fa1a3c5af9,phi_2frames,triangle,green,148.59599999999045,33.39999999999418,33.0,132.90000000002328,i saw 2 triangles which where green and went really fast from the left to the right and they would medium sized ones,2,no i liked it ,about my reaction timing,2frames,True,,,True,False,False,False,False
479,79,66c6683f6336ebf638da4db4,phi_2frames,triangle,green,133.60000000000582,33.29999999998836,33.40000000002328,149.89999999999418,I saw 2 green triangle pop up.  The first was to the left of the viewing area and then the second was to the right of the viewing area.,2,,How to display subliminal images?,2frames,False,,,True,False,False,False,False
480,80,66d29886c53f1949f8275cba,phi_2frames,square,yellow,149.90000000002328,30.0,25.099999999976717,144.90000000002328,Two yellow squares one after another but not at the same time. There was about an inch or so inbetween the two of them.,2,No,I truly haven't got a clue. Maybe attention?,2frames,False,,,True,False,False,False,False
481,81,66d4407f31981698998d25d8,phi_2frames,square,blue,134.39999999996508,33.40000000002328,33.20000000001164,150.0,I saw a multiple Blue colour square that pass my screen very fast. they are about two to three of them.,3,No,Study for attention,2frames,True,,,True,False,False,False,False
482,82,66e1961788c0c89fa75ecb42,phi_2frames,square,yellow,148.72200000000885,33.10000000000582,33.19999999998254,133.30000000001746,two orange boxes first on the left then on the right they flashed on an then off and then the next one flashed on and then off,2,No it's fine,not sure really,motion_4frames,False,,,True,False,True,False,False
483,83,66e978d9c3108fbcc509c8fe,phi_2frames,triangle,yellow,133.66200000001118,33.29999999998836,33.30000000001746,150.0,"A small yellow triangle that appeared to be moving from left to right within the window, disappearing briefly between each new position.",1,No.,I'd guess that it was about trying to gauge the reliability of eye-witness accounts when people only saw something for a brief moment.,motion_4frames,True,,,True,True,True,False,False
484,84,670bd903349d5d24bc92dcb0,phi_2frames,square,green,143.0,33.0,34.0,133.0,a green square that flashed up 3 times moving from left to right in a steady pace it was a bright green colour,3,no,spacial awareness ,motion_4frames,True,,,True,False,True,False,False
485,85,67139698ab79b82f8afd1e93,phi_2frames,triangle,blue,133.4780000000028,33.40000000002328,33.29999999998836,150.0,i saw a blue triangle blinking from left to right within few seconds the back ground was blank with nothing else showing there,1,no,focus,2frames,False,,,True,True,False,False,False
486,86,671945415306a21c2c56a562,phi_2frames,triangle,blue,142.20000000001164,33.59999999999127,33.10000000000582,133.59999999999127,"as part of the task that I was asked to complete, I saw flashing blue triangle from right of the screen to left side",2,"No, was interesting ",If people are using the correct position to undertaken their work using computers,2frames,False,,,True,False,False,False,False
488,88,6722aae192661854dd9a1c6d,phi_2frames,square,red,133.79999999998836,33.300000000046566,33.399999999965075,150.0,"I saw two red squares. 1 on the  left, then it disappeared. the second was on the right then it disappeared.",1,NO,accuracy of what people see?,2frames,False,,,True,True,False,False,False
489,89,67380a0419c95d7829fc2144,phi_2frames,square,green,149.9939999999915,33.33200000000943,33.33199999999488,133.32799999999406,two lime green squares appeared. The first one appeared in the bottom left corner and flashed up then the second one appeared in the bottom right hand corner.,2,Everything was clear and easy to follow,How we perceive patterns when only showed a portion of it ,2frames,False,,,True,False,False,False,False
490,90,6752efd86136ec83b4e576bc,phi_2frames,triangle,green,134.0,34.0,33.0,132.0,multiple images of green triangles. The triangles appear to be upwards on the screen. The triangles appeared for only a brief second,1,No comments,How people are able to recall images they've seen for only a few seconds,discrete_4frames,False,,,True,True,True,False,False
491,91,675a2864cf3d9d870639c42b,phi_2frames,triangle,red,149.63400000000547,32.89999999999418,33.40000000000873,116.29999999998836,I saw three red 3 triangles quickly flash on the screen and then abruptly go off the screen. It moved super quickly. ,3,no issues at all thanks!,How well certain sex and ages can see videos. ,discrete_4frames,True,,,True,False,True,False,False
492,92,676059a89a0c103ec2d1f45e,phi_2frames,square,yellow,141.6380000000063,33.19999999998254,33.20000000001164,132.89999999999418,Orange squares moving across the screen or maybe they whereh just in one place but flashed on and off? I think there where two.,2,No,No idea,2frames,True,,,True,False,False,False,False
493,93,6766deef2e4e127d7fc3c293,phi_2frames,triangle,red,133.09999999999127,33.30000000000291,33.60000000000582,149.89999999999418,i saw two red triangles appear and disappear quickly..they were pretty small about the same size each..they were parallel to each other,2,good study,no idea,2frames,False,,,True,False,False,False,False
494,94,67682ad300f66f4458b3ec05,phi_2frames,square,blue,149.65200000000186,33.19999999998254,33.40000000002328,133.39999999999418,"i saw a blue shaped brick, it looks like a perfect square appearing feom left to write. It might have appeared three times, it was fast.",1,"none, i enjoyed it.",pattern recognition.,discrete_4frames,False,,,True,True,True,False,False
495,95,67696e1e6cf66476feee240e,phi_2frames,square,green,133.79999999998836,33.29999999998836,33.40000000002328,150.09999999997672,I briefly saw two green squares moving around the screen I didnt notice anything else of note I could only see two objects ,2,Nothing ,spacial awareness ,2frames,True,,,True,False,False,False,False
496,96,67740dc45be1bcdc911ee2fe,phi_2frames,square,yellow,148.59999999997672,33.30000000001746,33.39999999999418,133.20000000001164,"a yellow square which flashed in different areas of the screen at different times, the square was about 2cm in size, it stayed within the centre of the screen",1,it was good fun,looking at hat people can see ,discrete_4frames,False,,,True,True,True,False,False
497,97,677b8e386966144d94556597,phi_2frames,triangle,red,133.30000000001746,33.29999999998836,33.39999999999418,150.10000000000582,"a red triangle move from left to right on the screen, it appeared, then disappeared and then appeared again as it moved across the screen",1,no,i have no idea,motion_4frames,True,,,True,True,True,False,False
498,98,677c480d58ff15f788e9fb86,phi_2frames,square,yellow,149.78199999999197,33.10000000000582,33.30000000000291,150.29999999998836,"i saw 2 yellow sqaures one at a time, first a square on the left then a square on the right. Thhey both flashed up for just a split second and disappeared before the second one appeared",2,no,no idea,2frames,False,,,True,False,False,False,False
499,99,678b5f5e023e304c0386d11f,phi_2frames,square,red,149.69200000001,33.29999999998836,33.40000000002328,133.19999999998254,I saw a red square move from the left side of the screen to the right side of the screen. It moved really fast across the screen.,2,No comments,To check visuality,2frames,True,,,True,False,False,False,False
500,100,679153802a458f825959cf4a,phi_2frames,triangle,green,134.06600000002072,25.099999999976717,25.10000000000582,150.5,i saw a  green triangle like it was in motion moving from left to right or blinking from left to right,2,no comment,how fast you can identify an image,2frames,True,,,True,False,False,False,False
501,101,680e1b9a36b987121bbc9c9a,phi_2frames,square,red,149.7400000000198,33.79999999998836,33.0,133.39999999999418,"I saw 2 red squares, one on the left of the box and one on the right. I think the square on the left moved left to right. I think the square on the right flashed then went away.",2,"no, everything was clear. i liked the black screen/white text as it was easier to read.","I have no idea, sorry.",motion_4frames,True,,,True,False,True,False,False
502,102,68109d22b0ba84c17333ecab,phi_2frames,triangle,red,149.56599999999162,33.30000000000291,33.39999999999418,133.3000000000029,I saw a a red triangle. It appeared three times very quickly. It moved from the left to the right of the screen,1,no,perception,discrete_4frames,True,,,True,True,True,False,False
503,103,681b781064a5701a5ceee3bc,phi_2frames,square,red,147.69599999999627,33.19999999998254,33.20000000001164,133.10000000000582,"an orange square to the left of the area, it disappeared and another orange square of apparent identical dimensions appeared further to the right",2,you could just ask people to measure their distance from the screen rather than going through the disappearing dot business,some test of whether people infer intermediate stages when presented with a 'start' and 'end' state?,2frames,False,,,True,False,False,False,False
504,104,6912ab1c087ad5a3186877dc,phi_2frames,square,yellow,134.49799999999232,33.39999999999418,33.29999999998836,150.10000000000582,"two orange squares flashed consecutively one after the other on different sides of the video. one flashed first on the left, then one flashed on the right",1,none,visual blindspots and perception of rapid events,2frames,False,,,True,True,False,False,False
505,105,6913841eb8401318b47d0682,phi_2frames,triangle,green,149.89999999999418,32.39999999999418,34.30000000000291,116.69999999999708,"on the screen flashed two green triangles the first one appeared on the left, flashed and then left and then the second on did similar movements on thr right",2,the instructions didnt make that much sense until i reread,how well people can focus and lock in,2frames,False,,,True,False,False,False,False
506,106,6925835a3a74d81548f92aa6,phi_2frames,square,yellow,145.79999999998836,26.660000000003492,26.680000000007567,146.65999999998894,"2 yellow squares that move, it was quick but they moved from one side to the other, from center to left side one and to the right side the other",2,,to see how our brain captures images and what we perceive to see,2frames,True,,,True,False,False,False,False
507,107,6932f4001473623225ce70c7,phi_2frames,triangle,red,133.40000000000873,33.29999999998836,33.60000000000582,150.0,two red triangles the one on the left side appeared first then after that one disappeared the other one appeared on the right side ,2,nothing,to see how different people can see a different number of frames from a video,2frames,False,,,True,False,False,False,False
508,108,693c78e3dc12dfc44f76b868,phi_2frames,square,green,134.29999999998836,33.70000000001164,33.0,150.39999999999418,A green square that was the same height as the area that flashed on the far left og the grey box and then on the far the right og the grey box,2,No,Focus,2frames,False,,,True,False,False,False,False
509,109,69418da4661dc6936bf50baf,phi_2frames,square,blue,149.38999999999942,33.5,33.30000000000291,133.39999999999418,I saw a large blue rectangle in the middle of the screen.  It then disappeared from the screen. And I didn't see it anymore.          ,1,No.,What did you see?,2frames,False,,,True,True,False,False,False
510,110,695fa35f6b6b8681f2f81a69,phi_2frames,square,blue,148.87000000002445,33.5,33.09999999997672,133.5,"I saw two teal colored squares. One was to the left, then one flashed for a second before being in the right hand side of the rectangle space there.",1,This study seemed to be quite perfect as is.,How a perfect set of eyes can still be tricked when there is a black background and one eye is covered making the other eye lose focus temporarily after being covered for one to two minutes.,2frames,False,,,True,True,False,False,False
511,111,6978d0c62defec8ac81f940b,phi_2frames,square,red,149.89999999999418,24.89999999999418,25.10000000000582,158.20000000001164,"two red squares appeared one after the other from left to right in very quick succession, the squares were the same as the one i saw during the screen measurement stage",2,no,i guess how many frames a second people register?,2frames,False,,,True,False,False,False,False
512,112,697cc014876ec1d90819345f,phi_2frames,square,yellow,133.89999999999418,33.5,33.30000000000291,150.09999999999127,"2 yellow squares that blinked in and out of existance, the first on the left of the grey rectangle, the second on the right.",1,no,i assume its about showing us fast images and testing how quickly we can process them.,2frames,False,,,True,True,False,False,False
513,113,6980b1267b5c621122264954,phi_2frames,square,blue,133.39999999999418,33.29999999998836,33.30000000001746,150.0,"A small blue square. It appeared on the left, disappeared, then reappeared on the right. The whole sequence lasted less than a second.",2,,How people process visual stimuli.,2frames,False,,,True,False,False,False,False
514,114,698104dbb695e592122c9cd0,phi_2frames,triangle,red,148.9899999999907,34.40000000000873,33.19999999999709,132.39999999999418,two triangles first one on the left and then one on the right they were both a red/orange color. after the left one appeared it disappeared and the right one appeared and then disappeared,2,,spatial awareness,2frames,False,,,True,False,False,False,False
515,115,69883330029e2f836b6dda6b,phi_2frames,square,blue,133.40000000000873,33.30000000000291,33.29999999998836,150.0,"I saw two blue squares about 15cm apart flash on and off. They were aligned horizontally. The square on the left appeared first, followed by one on the right. The first one vanished before the second appeared.",2,Very helpful and friendly instructions.,"Our ability to detect hidden frames or how some people can see ""faster""? I'm very intrigued actually.",2frames,False,,,True,False,False,False,False
516,116,698b363c9e1341a1cc7874de,phi_2frames,square,red,133.10000000000582,33.70000000001164,32.89999999999418,150.39999999999418,"I saw a little red box moving from left to right in the small screen section, it was a little red square and it moved very quickly",1,"no issues, all good",not really sure,discrete_4frames,True,,,True,True,True,False,False
517,117,699ca1d819e8b3d00305124c,phi_2frames,square,blue,149.94000000000233,25.0,25.0,150.0,i saw a blue square moving three or four times across the screen very rapidly and quick to see fast fast ,1,no,vision and perception,discrete_4frames,True,,,True,True,True,False,False
518,118,69b56c2c0c9460b5e5269b75,phi_2frames,triangle,yellow,136.69999999998254,33.30000000001746,33.19999999998254,150.20000000001164,"two yellow triangles, one appear on the left side first and then disappeared.  The second triangle appear on the right then vanished.",2,nothing comes to mind,no clue,2frames,False,,,True,False,False,False,False
519,119,69b7066821134c0b0e890738,phi_2frames,square,green,133.3739999999525,33.300000000046566,33.399999999965075,149.79999999998836,Green square box that flashed and disappered in a faster way from the screen  and it was hardly hard to to notice until you pay attention,1,The study was okey ,concetration and focus,2frames,False,,,True,True,False,False,False
520,120,69bd7e7515dad02dd35984c4,phi_2frames,square,blue,146.60000000000582,26.60000000000582,26.699999999982538,133.30000000001746,"I saw two blue squares. One flashed on the top left side of the screen first, then the other on the middle to bottom of the right side of the screen. Both squares were the same size and fit inside the display area. ",2,Nope.,What people draw from their perception based on their position relative to the incident.,2frames,False,,,True,False,False,False,False
521,121,69dfba233431478474112c23,phi_2frames,square,red,145.5,30.30000000000291,30.30000000000291,145.60000000000582,I saw two red squares blink really fast in the video space. The Left one appeared first than the right one appeared.,2,Thank you for the study.,Perception,2frames,False,,,True,False,False,False,False
522,122,69e75852e0e554dcfeac8491,phi_2frames,square,blue,133.31000000000495,33.29999999998836,33.40000000000873,149.89999999999418,"two blue sqaures, one at a time. a blue sqaure pops up on the left of the viewing area and then disappears. then the same on the right side ",2,nope,nope,2frames,False,,,True,False,False,False,False
523,123,69e7db68324acdb3ecbe1dec,phi_2frames,triangle,blue,149.90000000002328,33.5,33.09999999997672,117.10000000000582,I saw a blue triangle flitting across the computer screen for a few seconds that kept disappearing on the screen and was movign preiodically up and down ,3,no,i honestly have no idea,discrete_4frames,True,,,True,False,True,False,False
524,124,69e7e1cefdbf2fd0e0e6a006,phi_2frames,triangle,yellow,149.00199999999313,33.30000000000291,33.39999999999418,133.10000000000582,Two orange triangles. One at the bottom and one on the left. They moved from place to place. I did not recall where they moved to,2,No it was interesting,Visual perception,2frames,True,,,True,False,False,False,False
525,125,69e8e3a54c2ee666d6731e5d,phi_2frames,square,yellow,148.5240000000049,33.19999999999709,33.0,133.60000000000582,"I saw two yellow smallish squares in the grey rectangle box, flashing and moving perhaps across the screen, they were an orangey yellow. That is all.",2,"No, except why 20 words?","Perception, likely training AI",discrete_4frames,True,,,True,False,True,False,False
526,126,69ea10bc99a72a5989fcd5ef,phi_2frames,square,yellow,133.5,33.30000000001746,33.29999999998836,150.10000000000582,3 yellow squares they appeared fast at different times. It  started from the left hand side then travelled to the right.,3,no,eyesight,motion_4frames,True,,,True,False,True,False,False
527,127,69eb7bae75719746339f8c6a,phi_2frames,square,green,134.0,33.19999999999709,33.5,150.09999999999127,"A green square appeared and then disappeared, then showed up about 2 cm to the right of it's original location, then disappeared again before moving to the current window where I'm typing.",1,Nope,I honestly have no idea.,2frames,True,,,True,True,False,False,False
528,128,69edaf6bbef675b4bb5bb0aa,phi_2frames,square,red,143.81000000001222,26.59999999999127,26.80000000000291,146.6999999999971,"There were two red squares that didn't appear at the same time, one was after the other. One appeared and disappeared, then the other appeared and disappeared.",2,"Nope, interesting study!",To determine if people describe what they see differently,2frames,False,,,True,False,False,False,False
529,129,69efd6151ba08c73e53425b8,phi_2frames,square,yellow,149.7739999999758,33.800000000046566,33.29999999998836,132.79999999998836,i saw a yellow square appear then it moved and then suddenly disappear.i didnt hear anything only this shape in yellow color ,1,no,visual image,2frames,True,,,True,True,False,False,False
530,130,69f0a7be0a69ac3dce6ba042,phi_2frames,triangle,yellow,149.8399999999965,33.70000000001164,33.39999999999418,149.79999999998836,"a couple of yellow triangles flickering on and off and moving along the screen very quickly, but moving only very quickly",2,no,no idea,2frames,True,,,True,False,False,False,False
531,131,69f0e0c2e70dfd599fd7423a,phi_2frames,triangle,green,149.99599999998463,33.30000000001746,33.89999999999418,132.60000000000582,Two equal triangles appear: the first one appears on the left side and then shortly disappears. Then the same thing happens on the right side.,2,,Perception,2frames,False,,,True,False,False,False,False
532,132,69f1386d8f8e9af4ec5759a7,phi_2frames,triangle,blue,148.69999999998254,32.40000000002328,33.39999999999418,133.5,blue triangles appeared to flash on the screen.  The flashes were extremely quick less than a second.  The triangle first appeared to the left an then to the right.,1,no great study and everything was very clear.,The capabilities of our memory and how well we remember things based on a period of time.,discrete_4frames,False,,,True,True,True,False,False
533,133,69f3bcd5781bd961d2a5f880,phi_2frames,triangle,green,149.84399999992456,33.300000000046566,33.29999999993015,133.30000000004657,"two green triangles appeared in a flash form left to right, the background colour was deep black and it was so fast",2,"it was an interesting study, had fun participating",i guess its about how humans pocess information rapidly,2frames,False,,,True,False,False,False,False
534,134,69f863bcdbfcc23402f0d632,phi_2frames,square,blue,149.79999999998836,33.40000000002328,33.29999999998836,116.70000000001164,two squares one on top left which was appears first and one on lower right which appears lastly within a socond,2,The video was more fast I could not see it proper.,I think it was about eye sight,2frames,False,,,True,False,False,False,False
535,135,69f8732d1d2edcfa398b2990,phi_2frames,triangle,yellow,149.9439999999886,33.40000000000873,33.5,133.1999999999971,when the video began the first thing i saw was little yellow triangles move across the screen from left to right,3,go slower,concentration and following instructions,discrete_4frames,True,,,True,False,True,False,False
536,136,69fbbf068e8e0eff0abbd446,phi_2frames,triangle,blue,134.13399999996182,33.300000000046566,33.29999999998836,150.09999999997672,"I can see a blue triangle with three straight sides and sharp corners, standing out clearly against the background it showed up.",3,The study is well good to understand. ,"I think the experiment was about how people recognize and describe different shapes, colors. ",motion_4frames,False,,,True,False,True,False,False
537,137,69fc48e235071e4a6a832423,phi_2frames,triangle,green,148.97999999999593,33.30000000000291,33.60000000000582,133.1999999999971,"I saw two green triangles, they flashed up, first appeared on the Left side and then the right side. Then they both dissapeared",2,na,"Really not sure, persepctive captured by you eye",2frames,False,,,True,False,False,False,False
538,138,69fcdb6a16983a805bcd5866,phi_2frames,square,green,134.10000000000582,33.39999999999418,33.30000000000291,166.0,A small green square moving from one spot to another. It moved from the left to about center of the screen,1,None!,I'm unsure.,2frames,True,,,True,True,False,False,False
539,139,69fd24e818a792feee63865f,phi_2frames,square,yellow,149.9380000000092,33.39999999999418,33.30000000000291,133.3000000000029,"A yellow block appeared on the left side of the screen for a few seconds, with grey background. It was static.",1,No.,How people view things. ,2frames,False,,,True,True,False,False,False
540,140,69fda5324f331e76e20c603b,phi_2frames,triangle,green,133.5,33.39999999999418,33.30000000000291,150.0,"I saw two or three small, bright green triangles flash on the screen, one at a time, in different places. It was very quick, only about a second.",3,No,Processing time?,2frames,False,,,True,False,False,False,False
541,141,69fdbb16148df1e63c3a38b1,phi_2frames,square,red,149.82400000002235,33.5,33.29999999998836,133.20000000001164,two red squares moving around the screen and then they disappeared it was very quick. The screen was grey I think.,2,No. ,"Perception, and hand to eye co-ordination.",discrete_4frames,True,,,True,False,True,False,False
542,142,69ff773caae9f9dfb3fc081c,phi_2frames,triangle,blue,149.94000000000233,22.19999999999709,27.80000000000291,150.0,"two blue triangles flashed on the screen, one on the left and one on the right centre of the screen. That was all",2,I dont know,I want to guess its about perception and what people can see? peripheral vision perhaps,2frames,False,,,True,False,False,False,False
543,143,6a0085f1cfa182a2387d9569,phi_2frames,triangle,green,149.0399999999936,33.30000000001746,34.19999999998254,132.40000000002328,"I saw two green triangles, the first triangle flashed upon the left  and went away and then a triangle flashed up on the right hand side and then went away.",2,no,attention and recall,2frames,False,,,True,False,False,False,False
544,144,6a00dc1c1475c019d0eca5c8,phi_2frames,triangle,red,133.29999999998836,33.5,33.20000000001164,150.0,"two red triangles, moving to the right of the screen. They were of a medium size and appeared to have evenly-sized sides so equilateral triangles, I think.",2,,"I have no idea, but thanks for letting me take part!",2frames,True,,,True,False,False,False,False
545,145,6a012d3c523e7311f4e55f61,phi_2frames,square,blue,134.0060000000085,33.39999999999418,33.30000000000291,149.89999999999418,three different sized blue blocks moving across the screen in a random pattern that was constantly moving in a broken up way,3,maybe don't require 20 words or less to describe,what the eye catches in seconds ,motion_4frames,True,,,True,False,True,False,False
546,146,6a0240bb89bfcb9a0af0d1a2,phi_2frames,square,blue,149.54800000000978,33.39999999999418,33.20000000001164,133.39999999999418,"two blue squares that appeared and disappeared. The blue squares first flashed in the left, followed by a second blue square at the right  ",2,nothing,a measure of the reaction time of a participant,2frames,False,,,True,False,False,False,False
547,147,6a0334858f8c934d3d0a11ce,phi_2frames,triangle,blue,149.52000000000407,33.5,33.19999999999709,133.3000000000029,I saw a triangle that moved from left to right. The triangle has a blue colour and is medium in size.,1,no,how humans interact with visuals,2frames,True,,,True,True,False,False,False
548,148,6a0377ab9f56f6356a06f3ec,phi_2frames,square,red,137.10000000000582,33.33999999999651,33.31999999999243,133.3000000000029,"two squares both were red and both appeared either side of the rectangle, the left flashed up first then the right",two,,quick reaction times maybe,2frames,False,,,True,False,False,False,False
549,149,6a046a67dc2fab30c54305fb,phi_2frames,triangle,green,146.0,25.0,25.0,150.10000000000582,A lime green triangle moved right at roughly 2-3 frames per second with 3 frames being shown. The triangle started roughly in the middle of the screen and moved over roughly 5 cms.,1,Nope!,"I'm really not sure, maybe how people pick up details in a short video clip?",motion_4frames,True,,,True,True,True,False,False
550,150,6a057f4144808bd931bf3671,phi_2frames,square,yellow,133.39999999999418,33.30000000000291,33.39999999999418,150.0,"2 yellow squares flashed very quickly, they were kind of a mustard yellow and flashed in two seperate places. It was very quick. ",2,no,no idea,2frames,False,,,True,False,False,False,False
551,151,6a05cfedf7595b5a7998e197,phi_2frames,triangle,yellow,149.93000000002212,33.19999999998254,33.39999999999418,132.90000000002328,I saw 3 yellow triangles flash up in a sequence from left to right. Once each triangle flashed up it disappeared. ,3,,absolutely no idea,motion_4frames,False,,,True,False,True,False,False
552,152,6a05e05af37df6a4f0ef6d55,phi_2frames,square,green,133.30000000001746,33.29999999998836,33.29999999998836,150.10000000000582,"I saw what looked like two green boxes/squares or cubes moving directionally around the screen (in separate motions, not sure exactly which way)",2,"n/a, everything worked well",Visual awareness in relation to distance?,2frames,True,,,True,False,False,False,False
553,153,6a0620a6000e5c5d2bed8b50,phi_2frames,square,red,149.32600000000093,33.39999999999418,33.20000000001164,134.20000000001164,there was two red squares that appeared each of them one flashed on the left then on the right very fast ,2,no,im really not sure,2frames,False,,,True,False,False,False,False
554,154,6a073f16a1eef181e8a76922,phi_2frames,triangle,red,146.42600000000675,33.29999999998836,33.0,150.0,A grey triangle appears and move from the left to the right before it disappear it moves twice like a blink,1,it is nice already but you can add more task,visual concentration,2frames,True,,,True,True,False,False,False
555,155,6a073f4d800bff2acd176f9c,phi_2frames,triangle,blue,149.83599999998114,33.20000000001164,33.39999999999418,133.30000000001746,"blue triangle moving left to right at a considerable speed, the blue triangle appeared to flash two or three times before video ended.",2,no,attention span,2frames,True,,,True,False,False,False,False
556,156,6a084cb2633bd3f1ae139ced,phi_2frames,triangle,red,149.89999999999418,33.40000000000873,33.19999999999709,133.39999999999418,i saw a red triangle moving from down of the box to the top. The box seemed bigger than what i expected,1,not really,measure how human brain judges objects at different angles,discrete_4frames,True,,,True,True,True,False,False
557,157,6a08afe4c07d382afc71bd58,phi_2frames,triangle,yellow,141.80000000001746,33.39999999999418,33.20000000001164,133.19999999998254,I saw a yellow triangle that appeared twice. It appeared firstly at the upper left corner then it disappeared then appear again at the centre,1,No,how people view things,2frames,False,,,True,True,False,False,False
558,158,6a08d7ebd6444314bbbf1112,phi_2frames,square,red,133.29999999998836,33.40000000002328,33.29999999998836,150.0,What I saw were 3 red squares the first red square moved from left to right then I saw it move to the centre,3,No comments,see how people pay attention ,discrete_4frames,True,,,True,False,True,False,False
559,159,6a099929b303063f931ed8c6,phi_2frames,triangle,blue,133.3640000000014,32.89999999999418,33.69999999999709,150.0,"i saw two blue triangles, one flickered on the left and one flickered on the right. After that the video then ended.",2,,Visual perception,discrete_4frames,False,,,True,False,True,False,False
560,160,6a0a3aad897b5c34a76e4f98,phi_2frames,square,blue,133.60000000000582,33.5,33.29999999998836,150.20000000001164,"I saw 2 blue squares appear after one another. The first square appeared on the left side, before disappearing. And then second square appeared on the right side.",2,"No, but when I was told I'd be watching a video, I assumed it would be something else",Eyesight or reaction time? I have no idea.,2frames,False,,,True,False,False,False,False
561,161,6a0b7f103846830e5cdf8b43,phi_2frames,triangle,blue,145.9600000000064,33.30000000000291,33.31999999999243,133.1999999999971,"Three blue upward-pointing equilateral triangles of the same size flashed successively on the screen, the first on the left, the second on the right, and the third in the middle.",3,No,Eyesight and cognition,discrete_4frames,False,,,True,False,True,False,False
562,162,6a0c9f314ede78f48bb48f40,phi_2frames,triangle,blue,149.92799999998533,33.20000000001164,33.60000000000582,149.79999999998836,"A blue triangle initially on the left of the screen. It disappears, then another identical blue triangle reappears on the right of the screen.",2,no,frame rate,2frames,False,,,True,False,False,False,False
563,163,6a0cd3ed8bba7edfec81cbc8,phi_2frames,triangle,red,149.80000000001746,33.5,33.19999999998254,133.39999999999418,"I saw something like a red triangle on a grey background move and quickly disappeared off the page, that's what I saw",1,NO,Identifying motion patterns,2frames,True,,,True,True,False,False,False
564,164,6a0e0a7870eacd91539865bd,phi_2frames,triangle,blue,149.89999999999418,33.29999999998836,33.39999999999418,133.30000000001746,2 Blue Triangles flashing on the screen left to right and back again in the middle of the screen. There were writing above and below the triangles.,2,No,Focus and distance of peoples eyes from screens,2frames,False,,,True,False,False,False,False
565,165,6a0ee81dd2729be07fec142c,phi_2frames,square,blue,149.64000000001397,33.40000000002328,33.399999999965075,133.20000000001164,I saw a blue colour square shape moving quickly from slightly the center to the left direction for just a few seconds before it disappeared completely from view.,1,none.,to check out your response speed.,discrete_4frames,True,,,True,True,True,False,False
566,166,6a107f457b7ce4dc88901bed,phi_2frames,square,blue,135.5,33.39999999999418,33.29999999998836,150.30000000001746,two small blue squares. one flashed and disappeared to the left of the screen then immediately after the other one flashed and disappeared on the right of the screen,2,,"Perception. How people see things, whether they interpret what they have seen differently to what actually happened.",2frames,False,,,True,False,False,False,False
567,167,6a12bf0b366723d739028ccb,phi_2frames,square,yellow,148.32600000000093,33.59999999999127,33.30000000000291,133.0,I saw a series of orange squares appearing one on the left and then further to the right. There were probably about 3 or 4 squares in total,3,-,eyesight and perception?,discrete_4frames,False,,,True,False,True,False,False
568,168,6a1445c31706d609f057aa73,phi_2frames,triangle,red,133.3920000000071,33.34799999999814,33.34799999999814,133.39199999999255,I saw a red triangle moving about the screen. But it was incredibly brief because it was in my peripheral vision.,1,No,Peripheral vision,discrete_4frames,True,,,True,True,True,False,False
569,169,6a148943d63fe1ecc3e2970d,phi_2frames,square,green,143.7800000000134,33.379999999990105,33.38000000000466,133.5399999999936,A green box on the left and a green box on the right. The left one appeared first and then the right one ,2,all good ,Humans ability to see in frames per second ,2frames,False,,,True,False,False,False,False
570,170,6a158c342c8ea48823cfe491,phi_2frames,square,red,133.3399999999965,33.5,33.19999999999709,150.0,"two small red squares, one popping up on the left first and then the right of the box one after the other.",2,I wrote more than 20 words and it wouldn't let me proceed,perception?,motion_4frames,False,,,True,False,True,False,False
571,171,6a16343f3ef36429cb3308ad,phi_2frames,square,red,148.85199999999895,33.39999999999418,33.10000000000582,150.59999999999127,i saw two orange square shapes that briefly moved through the grey rectangle - i think that they moved away from each other,2,no i dont think so all the instructins were very clear,"visual perception of moving objects, memory?",discrete_4frames,True,,,True,False,True,False,False
572,172,6a16ea99c41f24c9371f4d00,phi_2frames,triangle,green,133.1580000000249,33.59999999997672,33.30000000001746,150.0,i saw a green trinagular bar on my screen and it came out three timmed each following the other on a straight bline,1,no,just to check hpw well we concentrate,discrete_4frames,False,,,True,True,True,False,False
573,173,6a1705de4d66fdccca1d1192,phi_2frames,triangle,red,143.0,33.0,34.0,133.0,2 red triangles flashed and moved across the screen. There is nothing else to report. The background is a dark grey.,2,Nothing to add,Something about spacial awareness or peripheral vision?,discrete_4frames,True,,,True,False,True,False,False
574,174,6a1794b7486df50b1b97ca01,phi_2frames,square,blue,133.5,33.20000000001164,33.5,149.89999999999418,"A blue square appeared on screen, to the left of the centre. It disappeared and reappeared to the right of the centre.",2,No,Understanding if we can accurately recall the movement of a shape in a short time.,2frames,False,,,True,False,False,False,False
575,175,6a180e18444d23e3161a207a,phi_2frames,square,yellow,133.88000000000466,33.20000000001164,32.69999999998254,166.60000000000582,Two yellow squares where the first one flashed briefly on the left while the second one flashed straght afterwards on the right.,2,no,eye sight test.,2frames,False,,,True,False,False,False,False
576,176,6a18b22fae75cabad16d1c34,phi_2frames,triangle,green,143.0,33.0,33.0,134.0,green triangles that flashed on one side of the screen to the other side in the middle that was really fast,1,no,how fast can process something,motion_4frames,False,,,True,True,True,False,False
577,177,6a19c883772b4720914ae1e9,phi_2frames,triangle,red,148.1579999999958,33.20000000001164,33.10000000000582,133.09999999997672,I saw and viewed two large red triangles which seemed to quickly disappeared.  These were on a completely black background. It was very fast.,2,No.,Visual perceptions.,2frames,False,,,True,False,False,False,False
578,178,6a19d9bdc85ad46cebd1ad1b,phi_2frames,triangle,green,134.39999999999418,32.29999999998836,34.40000000002328,149.39999999999418,"I saw two bright, green triangles. One of them was upside down. They were moving in both direction and rotation. They were roughly the same size.",2,"No, thank you!",People's memories of what they saw in a video and how clearly they could describe it.,2frames,True,,,True,False,False,False,False
579,179,6a19f4402bbcb7abc86e9be3,phi_2frames,square,red,133.29999999998836,33.40000000000873,33.30000000000291,150.0,"Two red squares flashed up in sequence in less than a second. The first was on the left of the screen, the second on the right.",2,No,Perceptions of quick images,2frames,False,,,True,False,False,False,False
580,180,6a1a0bd71f869a8dcb3c7edc,phi_2frames,triangle,blue,142.0,33.0,34.0,133.0,two blue triangles flashed up. the one on the left appeared first and then disappeared and then the one on the right appeared then disappeared,2,No,I have no idea,2frames,False,,,True,False,False,False,False
581,181,6a1ade3f7fa4d05adedb2db4,phi_2frames,square,green,146.4560000000056,33.40000000002328,33.09999999997672,133.09999999997672,I saw two green boxes flash in front of me...The first one was towards the bottom to my left and the second one was more in the middle area to the right.,2,"Yes, the test with the red ball to ""measure"" was extremely inaccurate so I thought I was supposed to keep doing it. It kept saying 40"" even though I'm like 12-15"" away from the screen. So I spent a wasted amount of time continuing to retry that part until I was like screw this I'm just saying Yes, its 40"" even though that's way off.",Lol I have no clue...Cognitive/memory,2frames,False,,,True,False,False,False,False
582,182,6a1c278d31944f546d54e1b5,phi_2frames,triangle,red,149.07000000000698,33.39999999999418,33.20000000001164,149.79999999998836,i believe that i saw 2 red triangles that was miving spontaneously and then they disappread from sight at the same time i guess,1,none,calibration,2frames,False,,,True,True,False,False,False
583,183,6a1d2f27664a6c9c515fcf33,phi_2frames,square,green,133.7399999999907,33.30000000000291,33.40000000000873,149.89999999999418,a green square flashes then dissapears before another green square flashes to the right of the prrevous green square i said,2,nope,studying conentration,2frames,False,,,True,False,False,False,False
584,184,6a1d632e8e9dab089292fff6,phi_2frames,square,yellow,145.90000000000873,25.09999999999127,29.0,150.0,2two small orange squares that flashed on the screen on one side and then the other very quickly one after the other.,2,not really!,perception of frame rate?,2frames,False,,,True,False,False,False,False
585,185,6a1d91dbe54163341ae9b975,phi_2frames,triangle,yellow,148.69999999998254,33.40000000002328,33.29999999998836,133.0,I saw a yellow triangle flashing and moving across the screen. I wasn't sure if there were three separate triangles or if it was one triangle moving very quickly. ,1,Maybe give a second chance to see the video again,Memory and cognition processing speed,discrete_4frames,True,,,True,True,True,False,False
586,186,6a1ebce36344944543760e59,phi_2frames,triangle,blue,146.0,24.900000000023283,25.099999999976717,150.10000000000582,"Two small blue triangles appeared on screen in succession. The first appeared to the left of where the grey bar was, the second to the right of where the grey bar was. They both appeared and disappeared very quickly.",2,No comments.,"Based on the choices it was whether we perceived movement in a still image. A shape appears on the left then the right, did we perceive it as movement?",2frames,False,,,True,False,False,False,False
587,187,6a1f2648e8f22a561550e699,phi_2frames,square,green,145.39999999999418,30.30000000000291,30.30000000000291,145.39999999999418,"a green square on the left, it dissapeared and popped up on the right, and then dissapeared again.  The video lasted about  2 seconds in total
",1,none,observance,2frames,False,,,True,True,False,False,False
588,188,6a1f8098dda9c21e70c672cb,phi_2frames,square,green,125.0,31.25,31.25,156.25,"I saw a green square hovering on the screen, from left to right. It was a light green square, four corners, on a black background.",1,none.,Accuracy of memory.,2frames,False,,,True,True,False,False,False
589,189,6a1fac10f2bdb04d656bfd81,phi_2frames,triangle,blue,149.9439999999595,24.900000000023283,33.5,141.70000000001164,"I saw a blue shape at first in the fer left of the box, I think it was a circle. then immeadiatlely after a blue triangle appeared covering some of the first shape but positioned slihjtly to the right of the first shape.The first shape then dissapeared and the blue triangle them moved quickly to the right of the box and dissappeared before it got to the farthest right hand side",2,"I dont know, it depends on what you were studying","perception and recall of things that occour suddenly (like an accident), and the ability to describe such",discrete_4frames,True,,,True,False,True,False,False
590,190,6a1fd86b35130b24ecb78cbb,phi_2frames,triangle,blue,133.50200000000768,33.39999999999418,33.29999999998836,149.70000000001164,"A blue triangle that moved to the right 3 times, it moved then disappeared and it did it going right and was displayed 3 times in total",3,,I have absolutely zero idea whatsoever!,motion_4frames,True,,,True,False,True,False,False
591,191,6a215752a155484c322dae18,phi_2frames,triangle,red,149.79999999998836,33.29999999998836,33.600000000034925,133.20000000001164,"Three to four orange triangles flashed up briefly and rapidly on screen consecutively, moving from left to right in the grey rectangular box.",3,,Studying the ability of people to take in brief visual data and remember it,discrete_4frames,True,,,True,False,True,False,False
592,192,6a2211107c98121dd4e08ca9,phi_2frames,triangle,yellow,149.8000000000029,33.30000000000291,33.39999999999418,133.40000000000873,I saw two yellow triangles sat horizontally from one another in the center of my screen. I did not see anything else.,2,"No, maybe ask regarding corrected vision - I wear glasses.",Peripheral vision,motion_4frames,False,,,True,False,True,False,False
593,193,6a22d7fa25ca84716c2b7950,phi_2frames,triangle,blue,134.0639999999839,33.30000000001746,33.39999999999418,150.0,"Two blue triangles appeared in the center of the screen, starting on the left side first, then on the right side.",2,"The description didn't need 20 words, it was very simple.",Vision quality,2frames,False,,,True,False,False,False,False
594,194,6a23e7a5b90025890cd10ebb,phi_2frames,square,blue,148.63999999998487,33.5,33.0,133.39999999999418,Two blue rectangle boxes either side each flash.  The video was short to explain anything else seen.  Boxes flicked one to other,2,None at this time thank you,No idea at all am intrigued to know :),2frames,False,,,True,False,False,False,False
595,195,6a252351905808ea26305f94,phi_2frames,square,yellow,148.44600000002538,33.29999999998836,33.29999999998836,133.30000000001746,three yellow squares appeared after each other moving from left to right then upward in a fast speed and intensity. That's all i saw,3,No,I don't know,motion_4frames,True,,,True,False,True,False,False
596,196,6a342ec02ebd2dd347a348d5,phi_2frames,square,yellow,147.19800000000396,33.30000000000291,33.39999999999418,133.10000000000582,I saw two dark yellow coloured squares very briefly in the middle of the screen. They both moved extremely quickly and the video was very brief.,2,no,perception,2frames,True,,,True,False,False,False,False
598,198,6a48734717c8887606b6956e,phi_2frames,square,green,149.7039999999979,33.60000000000582,33.39999999999418,133.30000000001746,"one, or possibly two moving green squares that moved in an anti-clockwise direction, and were most clear when the square reached the 1 o'clock position ",1,"No, sorry",visual perception in a short time frame,discrete_4frames,True,,,True,True,True,False,False
599,199,6a5777aa44b23afe33eda0c2,phi_2frames,square,yellow,133.40000000002328,32.29999999998836,34.29999999998836,150.0,I saw two yellow boxes appearing one after another. The left side of the box appeared first and then the right side of the box. And then they both disappeared.,2,Tell me what was it about,How keeping one eye closed first might affect they eyes and recognition later.,2frames,False,,,True,False,False,False,False
600,200,6a7b0a371804ee8cbd013214,phi_2frames,square,yellow,133.7060000000056,33.29999999998836,33.30000000001746,150.0,I saw 3 squares of yellow color the came one by one then disappeared and this happened very fast.The first square appeared on the top right corner in this box. ,1,I want to be more effecient towards your work and keep doing it in more effective way.,May be for checking the ability to recognize things and remember them within a blink of an eye.,2frames,False,,,True,True,False,False,False
